Batter,career_runs,career_balls,career_sr,sr_powerplay,sr_middle,sr_death,balls_powerplay,balls_middle,balls_death,shrunk_career_sr,shrunk_sr_powerplay,shrunk_sr_middle,shrunk_sr_death
A Ashish Reddy,266,181,147.0,83.3,148.8,149.3,6.0,41.0,134.0,138.7,107.7,122.6,149.5
A Badoni,340,268,126.9,42.9,114.3,150.4,21.0,112.0,135.0,126.0,97.7,113.1,150.1
A Chandila,4,7,57.1,,,57.1,,,7.0,119.3,109.2,111.8,143.7
A Chopra,53,71,74.6,69.2,83.3,50.0,39.0,30.0,2.0,103.3,98.0,105.3,147.8
A Choudhary,25,20,125.0,,,125.0,,,20.0,123.9,109.2,111.8,145.7
A Dananjaya,4,5,80.0,,,80.0,,,5.0,121.6,109.2,111.8,146.5
A Flintoff,62,53,117.0,107.7,100.0,147.1,13.0,23.0,17.0,121.3,109.0,109.6,149.4
A Kumble,35,47,74.5,,20.0,81.0,,5.0,42.0,107.9,109.2,107.5,129.5
A Manohar,222,158,140.5,100.0,126.5,166.7,12.0,83.0,63.0,134.0,108.2,118.5,156.3
A Mishra,381,417,91.4,20.0,73.2,104.8,5.0,164.0,248.0,97.6,105.0,87.8,117.7
A Mithun,34,26,130.8,,125.0,135.7,,12.0,14.0,125.1,109.2,113.3,148.1
A Mukund,19,22,86.4,93.3,83.3,0.0,15.0,6.0,1.0,116.9,107.1,110.2,148.3
A Nehra,41,60,68.3,,,68.3,,,60.0,102.9,109.2,111.8,119.2
A Nortje,42,40,105.0,,,105.0,,,40.0,118.3,109.2,111.8,137.0
A Singh,2,9,22.2,,0.0,28.6,,2.0,7.0,115.3,109.2,109.7,141.9
A Symonds,974,745,130.7,87.8,126.6,161.0,82.0,481.0,182.0,129.9,99.6,124.1,157.0
A Tomar,4,8,50.0,50.0,,,8.0,,,118.2,104.8,111.8,149.8
A Uniyal,4,7,57.1,,,57.1,,,7.0,119.3,109.2,111.8,143.7
A Zampa,15,24,62.5,,64.3,60.0,,14.0,10.0,111.8,109.2,106.0,141.6
AA Bilakhia,69,84,82.1,74.2,50.0,109.1,31.0,20.0,33.0,104.7,100.9,101.5,139.7
AA Chavan,12,11,109.1,,33.3,137.5,,3.0,8.0,122.2,109.2,109.6,148.9
AA Jhunjhunwala,217,209,103.8,70.6,99.2,138.0,34.0,125.0,50.0,110.2,99.4,104.8,145.9
AA Noffke,9,10,90.0,,90.0,,,10.0,,120.6,109.2,109.9,149.8
AB Agarkar,178,150,118.7,153.8,72.3,137.8,13.0,47.0,90.0,120.7,114.3,99.2,144.1
AB Barath,42,42,100.0,128.6,95.7,40.0,14.0,23.0,5.0,116.7,111.6,108.8,144.6
AB Dinda,26,48,54.2,,75.0,50.0,,8.0,40.0,101.1,109.2,109.1,121.3
AB McDonald,123,98,125.5,157.9,81.2,127.0,19.0,16.0,63.0,124.6,117.0,107.6,141.0
AB de Villiers,5001,3288,152.1,117.8,131.4,225.0,573.0,1904.0,811.0,151.3,116.5,130.4,216.7
AC Blizzard,120,90,133.3,130.3,150.0,,76.0,14.0,,128.2,118.3,116.5,149.8
AC Gilchrist,2069,1483,139.5,135.0,146.1,196.9,1026.0,425.0,32.0,138.5,132.7,139.6,161.2
AC Thomas,20,19,105.3,,,105.3,,,19.0,120.7,109.2,111.8,142.7
AC Voges,181,143,126.6,77.8,114.1,151.8,9.0,78.0,56.0,125.4,106.6,112.8,150.5
AD Hales,148,117,126.5,142.5,91.9,,80.0,37.0,,125.2,124.0,106.5,149.8
AD Mascarenhas,52,50,104.0,200.0,66.7,120.0,2.0,18.0,30.0,117.1,111.0,105.0,142.9
AD Mathews,723,570,126.8,58.8,103.2,155.1,17.0,279.0,274.0,126.3,101.9,105.5,153.7
AD Nath,90,98,91.8,100.0,91.9,88.0,11.0,62.0,25.0,107.9,108.3,104.2,137.4
AD Russell,2191,1250,175.3,264.3,157.1,192.2,14.0,632.0,604.0,171.5,128.2,150.9,186.2
AF Milne,23,29,79.3,,66.7,85.0,,9.0,20.0,113.7,109.2,108.1,139.0
AG Murtaza,10,14,71.4,,,71.4,,,14.0,117.2,109.2,111.8,140.2
AG Paunikar,49,55,89.1,89.1,,,55.0,,,111.4,102.1,111.8,149.8
AJ Finch,2039,1585,128.6,114.6,136.9,158.4,759.0,648.0,178.0,128.3,114.0,133.6,155.3
AJ Hosein,16,10,160.0,,,160.0,,,10.0,127.0,109.2,111.8,150.7
AJ Turner,3,10,30.0,,,30.0,,,10.0,115.1,109.2,111.8,138.9
AJ Tye,66,64,103.1,,131.2,93.8,,16.0,48.0,115.6,109.2,114.5,131.6
AK Markram,775,589,131.6,65.2,129.2,184.3,66.0,421.0,102.0,130.4,91.7,125.9,167.2
AL Menaria,401,354,113.3,100.0,110.4,124.4,8.0,268.0,78.0,115.6,108.5,110.8,138.7
AM Nayar,672,573,117.3,91.7,96.7,159.0,72.0,306.0,195.0,118.2,101.9,100.4,155.9
AM Rahane,4254,3448,123.4,117.5,123.1,160.3,1807.0,1344.0,297.0,123.4,117.1,122.3,157.7
AN Ahmed,36,26,138.5,,,138.5,,,26.0,126.7,109.2,111.8,147.5
AN Ghosh,7,8,87.5,100.0,0.0,,7.0,1.0,,121.0,108.6,110.7,149.8
AP Dole,34,22,154.5,,50.0,165.0,,2.0,20.0,129.2,109.2,110.6,152.3
AP Majumdar,87,76,114.5,140.0,110.3,66.7,15.0,58.0,3.0,119.7,113.2,111.3,147.4
AP Tare,339,272,124.6,112.4,162.2,153.8,201.0,45.0,26.0,124.3,111.3,127.5,150.6
AR Bawne,12,12,100.0,,,100.0,,,12.0,121.1,109.2,111.8,144.5
AR Patel,1400,1064,131.6,72.2,110.1,156.1,18.0,534.0,512.0,130.9,103.6,110.4,155.1
AS Joseph,27,32,84.4,,100.0,82.8,,3.0,29.0,114.1,109.2,111.5,134.7
AS Rajpoot,26,41,63.4,,20.0,69.4,,5.0,36.0,106.1,109.2,107.5,128.5
AS Raut,173,154,112.3,116.7,115.5,110.0,6.0,58.0,90.0,116.8,109.6,113.2,130.9
AS Roy,23,21,109.5,80.0,0.0,146.2,5.0,3.0,13.0,121.2,107.8,108.6,149.4
AS Yadav,49,39,125.6,,100.0,134.5,,10.0,29.0,124.2,109.2,110.8,146.4
AT Carey,32,29,110.3,,,110.3,,,29.0,120.6,109.2,111.8,140.9
AT Rayudu,4348,3391,128.2,106.7,121.4,170.4,728.0,1971.0,692.0,128.1,107.0,120.9,167.8
AU Rashid,22,15,146.7,,150.0,133.3,,12.0,3.0,126.7,109.2,115.9,149.3
AUK Pathan,39,23,169.6,280.0,137.5,140.0,5.0,8.0,10.0,132.2,117.3,113.8,148.9
Abdul Basith,1,1,100.0,,,100.0,,,1.0,123.4,109.2,111.8,149.3
Abdul Samad,372,269,138.3,,111.7,157.0,,111.0,158.0,134.3,109.2,111.8,154.2
Abdur Razzak,0,2,0.0,,,0.0,,,2.0,121.2,109.2,111.8,146.9
Abhishek Sharma,886,639,138.7,133.4,136.7,159.6,311.0,229.0,99.0,136.7,127.5,129.1,154.7
Abishek Porel,33,31,106.5,100.0,133.3,66.7,1.0,18.0,12.0,119.6,109.1,115.1,140.9
Akash Deep,17,10,170.0,,250.0,150.0,,2.0,8.0,127.9,109.2,114.6,149.8
Aman Hakim Khan,115,104,110.6,80.0,89.7,143.9,5.0,58.0,41.0,117.0,107.8,103.7,148.1
Anirudh Singh,63,66,95.5,90.0,100.0,92.9,20.0,32.0,14.0,112.5,106.0,109.0,142.8
Ankit Sharma,87,67,129.9,117.4,120.0,141.2,23.0,10.0,34.0,126.2,110.7,112.6,147.6
Ankit Soni,0,7,0.0,,,0.0,,,7.0,115.6,109.2,111.8,140.0
Anmolpreet Singh,134,109,122.9,130.6,95.8,,85.0,24.0,,123.3,119.0,108.7,149.8
Anuj Rawat,220,190,115.8,94.3,96.1,172.5,88.0,51.0,51.0,118.5,102.2,106.5,157.5
Anureet Singh,36,47,76.6,,44.4,84.2,,9.0,38.0,108.6,109.2,106.3,131.7
Arjun Tendulkar,13,9,144.4,,,144.4,,,9.0,125.4,109.2,111.8,149.4
Arshad Khan,18,15,120.0,,50.0,145.5,,4.0,11.0,123.2,109.2,109.5,149.4
Arshdeep Singh,25,37,67.6,,133.3,61.8,,3.0,34.0,108.5,109.2,112.5,127.5
Atharva Taide,186,129,144.2,156.9,131.2,,65.0,64.0,,135.2,128.0,119.4,149.8
Avesh Khan,31,20,155.0,,300.0,118.8,,4.0,16.0,128.9,109.2,119.1,145.5
Azhar Mahmood,388,303,128.1,91.7,129.3,135.2,24.0,188.0,91.0,127.0,105.8,123.2,142.8
B Akhil,76,55,138.2,,128.6,144.1,,21.0,34.0,128.8,109.2,114.8,148.4
B Chipli,280,250,112.0,73.3,105.0,178.6,75.0,119.0,56.0,115.3,93.8,108.1,160.1
B Indrajith,21,30,70.0,70.4,66.7,,27.0,3.0,,111.3,101.0,110.5,149.8
B Kumar,283,296,95.6,,87.5,96.3,,24.0,272.0,102.7,109.2,107.1,110.7
B Laughlin,5,13,38.5,,42.9,33.3,,7.0,6.0,113.9,109.2,107.3,143.2
B Lee,124,96,129.2,,120.0,130.2,,10.0,86.0,126.4,109.2,112.6,140.7
B Sai Sudharsan,507,366,138.5,117.4,129.2,206.9,92.0,216.0,58.0,135.3,113.1,123.7,170.8
B Stanlake,5,2,250.0,,,250.0,,,2.0,126.1,109.2,111.8,151.8
B Sumanth,35,37,94.6,,81.8,100.0,,11.0,26.0,115.8,109.2,108.9,139.5
BA Bhatt,6,7,85.7,,,85.7,,,7.0,121.2,109.2,111.8,145.6
BA Stokes,935,695,134.5,132.6,125.4,165.6,181.0,389.0,125.0,133.1,124.3,122.6,158.6
BAW Mendis,3,6,50.0,,,50.0,,,6.0,119.5,109.2,111.8,144.2
BB McCullum,2871,2159,133.0,128.8,132.4,190.5,1200.0,864.0,95.0,132.6,127.3,130.3,169.6
BB Samantray,125,113,110.6,71.4,109.7,140.0,21.0,62.0,30.0,116.7,102.6,111.0,147.5
BB Sran,10,13,76.9,,,76.9,,,13.0,118.3,109.2,111.8,141.4
BCJ Cutting,238,141,168.8,,110.0,178.5,,20.0,121.0,150.1,109.2,111.5,165.5
BE Hendricks,1,3,33.3,,,33.3,,,3.0,121.0,109.2,111.8,146.4
BJ Haddin,18,11,163.6,163.6,,,11.0,,,127.6,114.6,111.8,149.8
BJ Hodge,1395,1105,126.2,91.4,111.5,164.7,162.0,575.0,368.0,126.0,98.2,111.6,161.5
BJ Rohrer,179,126,142.1,,109.9,225.7,,91.0,35.0,133.9,109.2,110.9,169.5
BMAJ Mendis,23,27,85.2,50.0,88.0,,2.0,25.0,,115.5,108.0,107.1,149.8
BR Dunk,40,35,114.3,114.3,,,35.0,,,121.2,110.5,111.8,149.8
Basil Thampi,30,31,96.8,,60.0,103.8,,5.0,26.0,117.3,109.2,109.4,140.3
Bipul Sharma,187,123,152.0,,107.1,157.8,,14.0,109.0,139.3,109.2,111.3,154.0
C Green,452,279,162.0,175.8,141.4,197.7,95.0,140.0,44.0,151.9,141.6,129.1,164.4
C Madan,15,18,83.3,83.3,,,18.0,,,117.5,105.2,111.8,149.8
C Munro,177,141,125.5,144.0,93.3,80.0,91.0,45.0,5.0,124.7,125.8,106.1,146.5
C Nanda,0,1,0.0,,,0.0,,,1.0,122.4,109.2,111.8,148.3
C Sakariya,20,30,66.7,,25.0,73.1,,4.0,26.0,110.5,109.2,108.5,134.0
C de Grandhomme,303,224,135.3,50.0,129.1,142.9,2.0,110.0,112.0,131.7,108.0,120.9,146.2
CA Ingram,182,161,113.0,77.8,106.5,151.4,18.0,108.0,35.0,117.1,104.4,109.1,150.2
CA Lynn,1309,923,141.8,145.7,139.6,105.9,523.0,366.0,34.0,140.0,139.8,133.6,138.7
CA Pujara,390,390,100.0,94.3,105.8,114.6,228.0,121.0,41.0,104.8,98.8,108.5,139.6
CH Gayle,4875,3244,150.3,135.9,157.0,207.5,1700.0,1264.0,280.0,149.5,134.4,153.7,192.3
CH Morris,618,397,155.7,242.9,109.7,168.0,7.0,93.0,297.0,149.3,117.9,110.8,163.4
CJ Anderson,538,421,127.8,85.2,121.5,168.3,61.0,256.0,104.0,127.0,100.1,118.8,159.2
CJ Ferguson,98,117,83.8,70.8,82.9,100.0,24.0,70.0,23.0,102.2,101.8,99.9,140.5
CJ Jordan,63,63,100.0,,16.7,108.8,,6.0,57.0,114.5,109.2,106.5,134.9
CJ McKay,8,15,53.3,,53.3,,,15.0,,114.5,109.2,104.2,149.8
CK Kapugedera,16,22,72.7,,33.3,78.9,,3.0,19.0,114.5,109.2,109.6,138.5
CK Langeveldt,8,9,88.9,,25.0,140.0,,4.0,5.0,120.8,109.2,108.5,149.3
CL White,949,743,127.7,83.3,111.6,189.1,102.0,449.0,192.0,127.2,96.1,111.6,175.6
CM Gautam,169,149,113.4,111.5,104.5,125.0,61.0,44.0,44.0,117.5,110.1,109.6,142.2
CR Brathwaite,181,110,164.5,,75.0,201.3,,32.0,78.0,145.0,109.2,102.9,172.4
CR Woakes,78,77,101.3,,71.4,112.5,,21.0,56.0,113.9,109.2,104.8,136.4
CRD Fernando,4,3,133.3,,,133.3,,,3.0,123.9,109.2,111.8,149.3
CV Varun,25,46,54.3,,0.0,58.1,,3.0,43.0,101.8,109.2,108.6,122.2
D Brevis,161,113,142.5,141.3,143.3,,46.0,67.0,,133.7,119.3,124.5,149.8
D Kalyankrishna,3,8,37.5,,,37.5,,,8.0,117.3,109.2,111.8,141.5
D Padikkal,1467,1170,125.4,125.6,122.9,139.7,577.0,515.0,78.0,125.3,123.2,121.1,145.4
D Pretorius,44,28,157.1,,,157.1,,,28.0,131.0,109.2,111.8,151.4
D Salunkhe,33,24,137.5,,114.3,147.1,,7.0,17.0,126.3,109.2,112.0,149.4
D Wiese,137,92,148.9,,100.0,165.2,,23.0,69.0,135.7,109.2,109.6,156.1
D du Preez,10,13,76.9,,75.0,77.8,,4.0,9.0,118.3,109.2,110.4,143.9
DA Miller,2660,1923,138.3,92.0,121.8,173.7,100.0,1154.0,669.0,137.6,100.6,121.0,170.6
DA Warner,6310,4487,140.6,139.0,136.1,176.5,2267.0,1880.0,340.0,140.2,137.7,134.9,170.4
DAJ Bracewell,12,9,133.3,,,133.3,,,9.0,124.4,109.2,111.8,148.4
DB Das,304,260,116.9,109.4,116.2,121.9,53.0,111.0,96.0,118.8,109.3,114.1,136.1
DB Ravi Teja,375,315,119.0,91.4,112.4,140.0,58.0,137.0,120.0,120.1,102.7,112.2,144.5
DE Bollinger,21,22,95.5,,,95.5,,,22.0,118.6,109.2,111.8,140.0
DG Nalkande,0,1,0.0,,,0.0,,,1.0,122.4,109.2,111.8,148.3
DH Yagnik,170,133,127.8,,123.3,131.5,,60.0,73.0,126.0,109.2,116.1,142.1
DJ Bravo,1560,1196,130.4,111.8,92.6,176.2,110.0,570.0,516.0,129.9,110.6,95.5,171.9
DJ Harris,111,101,109.9,89.1,145.9,,64.0,37.0,,116.7,101.4,121.0,149.8
DJ Hooda,1278,996,128.3,92.7,127.0,147.0,124.0,593.0,279.0,127.9,100.1,124.8,147.7
DJ Hussey,1322,1070,123.6,116.5,107.2,179.0,115.0,726.0,229.0,123.6,113.1,107.8,170.1
DJ Jacobs,92,98,93.9,91.2,128.6,,91.0,7.0,,108.9,100.6,112.9,149.8
DJ Malan,26,26,100.0,50.0,104.2,,2.0,24.0,,118.8,108.0,110.4,149.8
DJ Mitchell,33,44,75.0,0.0,84.6,,5.0,39.0,,108.8,104.0,104.2,149.8
DJ Muthuswami,1,3,33.3,,,33.3,,,3.0,121.0,109.2,111.8,146.4
DJ Thornely,39,53,73.6,20.0,106.1,,20.0,33.0,,106.3,94.3,110.4,149.8
DJ Willey,53,62,85.5,54.5,79.3,109.1,11.0,29.0,22.0,109.0,103.8,104.5,142.5
DJG Sammy,295,241,122.4,160.0,107.9,141.7,5.0,140.0,96.0,122.8,111.6,109.5,145.8
DJM Short,115,99,116.2,83.3,166.7,,60.0,39.0,,119.9,99.5,127.2,149.8
DL Chahar,80,59,135.6,,161.8,100.0,,34.0,25.0,128.1,109.2,124.5,139.8
DL Vettori,121,112,108.0,,88.7,125.4,,53.0,59.0,115.4,109.2,103.8,140.7
DM Bravo,6,5,120.0,,,120.0,,,5.0,123.5,109.2,111.8,148.4
DNT Zoysa,11,9,122.2,,100.0,125.0,,1.0,8.0,123.5,109.2,111.7,148.0
DP Conway,924,651,141.9,128.5,153.3,156.4,305.0,291.0,55.0,139.5,123.7,142.7,152.1
DP Nannes,4,13,30.8,,50.0,22.2,,4.0,9.0,113.0,109.2,109.5,139.3
DP Vijaykumar,1,1,100.0,,,100.0,,,1.0,123.4,109.2,111.8,149.3
DPMD Jayawardene,1771,1424,124.4,121.2,115.0,159.9,499.0,698.0,227.0,124.4,119.2,114.6,156.8
DR Martyn,19,24,79.2,33.3,72.2,166.7,3.0,18.0,3.0,115.0,107.0,105.8,150.3
DR Sams,44,44,100.0,16.7,114.3,112.5,6.0,14.0,24.0,116.4,104.0,112.2,142.6
DR Shorey,13,17,76.5,,76.5,,,17.0,,116.8,109.2,106.7,149.8
DR Smith,2385,1755,135.9,125.1,148.7,152.7,970.0,675.0,110.0,135.2,123.6,143.9,151.3
DS Kulkarni,104,108,96.3,,50.0,101.0,,10.0,98.0,109.4,109.2,106.2,125.6
DS Lehmann,18,18,100.0,133.3,93.3,,3.0,15.0,,120.0,109.9,109.4,149.8
DT Christian,460,394,116.8,37.5,89.2,140.5,8.0,166.0,220.0,118.2,103.9,97.7,143.4
DT Patil,13,13,100.0,,75.0,400.0,,12.0,1.0,120.9,109.2,107.9,152.3
DW Steyn,164,157,104.5,,44.4,108.1,,9.0,148.0,112.0,109.2,106.3,124.9
Dhruv Jurel,152,88,172.7,0.0,80.0,200.0,3.0,15.0,70.0,146.6,106.0,107.7,170.5
E Lewis,653,471,138.6,146.9,122.6,152.4,286.0,164.0,21.0,136.0,137.1,118.5,150.3
EJG Morgan,1371,1122,122.2,92.1,111.7,163.8,190.0,634.0,298.0,122.3,98.0,111.7,160.3
ER Dwivedi,24,14,171.4,100.0,,211.1,5.0,,9.0,129.5,108.8,111.8,154.9
F Behardien,14,13,107.7,,0.0,116.7,,1.0,12.0,121.8,109.2,110.7,146.3
F du Plessis,4133,3074,134.5,134.5,123.6,183.4,1367.0,1399.0,308.0,134.2,132.8,122.8,175.2
FA Allen,14,18,77.8,,60.0,84.6,,5.0,13.0,116.7,109.2,109.4,142.3
FH Edwards,4,5,80.0,,,80.0,,,5.0,121.6,109.2,111.8,146.5
FY Fazal,183,172,106.4,97.4,111.3,118.8,78.0,62.0,32.0,112.7,104.0,111.6,142.3
Fazalhaq Farooqi,3,13,23.1,,,23.1,,,13.0,112.1,109.2,111.8,135.2
G Gambhir,4172,3350,124.5,122.4,124.5,145.9,1840.0,1325.0,185.0,124.5,121.7,123.6,147.3
GB Hogg,22,22,100.0,,,100.0,,,22.0,119.4,109.2,111.8,140.8
GC Smith,724,643,112.6,98.1,126.4,167.5,372.0,231.0,40.0,114.1,100.5,122.0,154.9
GC Viljoen,3,7,42.9,,,42.9,,,7.0,118.4,109.2,111.8,142.8
GD McGrath,4,5,80.0,,,80.0,,,5.0,121.6,109.2,111.8,146.5
GD Phillips,65,54,120.4,0.0,80.0,204.5,7.0,25.0,22.0,122.5,102.1,105.5,159.7
GH Vihari,238,270,88.1,65.4,92.0,113.5,81.0,137.0,52.0,97.7,89.6,100.4,137.4
GHS Garton,2,4,50.0,,,50.0,,,4.0,120.8,109.2,111.8,146.0
GJ Bailey,663,541,122.6,103.1,89.5,176.8,127.0,229.0,185.0,122.8,105.8,96.3,167.3
GJ Maxwell,2717,1705,159.4,141.8,158.1,179.9,304.0,1077.0,324.0,157.4,133.7,154.2,172.8
GR Napier,15,16,93.8,,83.3,125.0,,12.0,4.0,119.5,109.2,108.8,148.8
Gurkeerat Singh,505,419,120.5,85.3,100.9,154.9,34.0,223.0,162.0,121.1,103.1,104.3,153.0
H Das,2,5,40.0,,,40.0,,,5.0,119.7,109.2,111.8,144.6
H Klaasen,508,301,168.8,172.0,161.6,177.8,25.0,159.0,117.0,157.5,121.8,142.4,164.9
HC Brook,190,153,124.2,114.3,131.8,144.0,84.0,44.0,25.0,124.0,111.5,117.9,148.6
HE van der Dussen,22,24,91.7,,71.4,120.0,,14.0,10.0,117.5,109.2,106.9,147.1
HF Gurney,1,5,20.0,,,20.0,,,5.0,118.7,109.2,111.8,143.6
HH Gibbs,886,805,110.1,107.5,106.7,160.0,416.0,344.0,45.0,111.6,107.8,107.9,153.0
HH Pandya,2264,1541,146.9,91.7,130.1,175.7,157.0,684.0,700.0,145.5,98.5,127.8,172.5
HM Amla,577,406,142.1,131.2,124.4,239.2,199.0,156.0,51.0,138.5,123.8,119.5,180.0
HR Shokeen,66,65,101.5,20.0,97.7,135.3,5.0,43.0,17.0,114.9,105.0,107.6,147.7
HV Patel,230,182,126.4,,87.1,146.7,,62.0,120.0,125.4,109.2,102.4,148.1
Harbhajan Singh,833,598,139.3,121.6,105.8,152.9,51.0,139.0,408.0,137.1,113.4,108.3,152.3
Harmeet Singh,18,12,150.0,,,150.0,,,12.0,126.5,109.2,111.8,149.8
Harpreet Brar,158,136,116.2,,75.8,129.1,,33.0,103.0,119.4,109.2,102.9,139.3
Harpreet Singh,96,84,114.3,112.5,86.7,169.6,16.0,45.0,23.0,119.4,109.7,104.0,153.5
Harshit Rana,2,3,66.7,,200.0,0.0,,1.0,2.0,122.0,109.2,112.7,146.9
I Malhotra,7,4,175.0,,,175.0,,,4.0,125.6,109.2,111.8,150.8
I Sharma,55,61,90.2,,85.7,91.5,,14.0,47.0,111.0,109.2,108.6,131.2
I Udana,15,11,136.4,,,136.4,,,11.0,124.9,109.2,111.8,148.5
IC Pandey,0,2,0.0,,,0.0,,,2.0,121.2,109.2,111.8,146.9
IK Pathan,1079,900,119.9,113.3,90.8,149.1,45.0,423.0,432.0,120.3,110.5,94.8,149.2
IR Jaggi,76,97,78.4,67.6,82.6,92.9,37.0,46.0,14.0,101.4,98.0,102.6,142.8
IS Sodhi,7,17,41.2,,28.6,50.0,,7.0,10.0,111.7,109.2,106.4,140.7
Imran Tahir,33,37,89.2,,66.7,93.5,,6.0,31.0,114.3,109.2,109.3,136.5
Iqbal Abdulla,88,82,107.3,,75.0,120.7,,24.0,58.0,116.3,109.2,104.7,139.1
Ishan Kishan,2170,1624,133.6,129.9,130.7,175.0,733.0,771.0,120.0,133.0,127.4,128.5,163.5
J Arunkumar,23,23,100.0,100.0,,,23.0,,,119.2,107.5,111.8,149.8
J Botha,409,358,114.2,86.5,112.0,129.3,52.0,183.0,123.0,116.3,101.4,111.9,138.5
J Suchith,56,55,101.8,,46.7,168.0,,30.0,25.0,115.9,109.2,96.8,153.4
J Syed Mohammad,28,24,116.7,,81.8,146.2,,11.0,13.0,122.3,109.2,108.9,149.4
J Theron,10,11,90.9,,,90.9,,,11.0,120.4,109.2,111.8,144.0
J Yadav,40,36,111.1,,100.0,114.8,,9.0,27.0,120.3,109.2,110.9,142.4
JA Morkel,962,670,143.6,141.7,120.9,158.7,12.0,263.0,395.0,141.0,112.7,118.4,156.9
JA Richardson,15,24,62.5,,68.2,0.0,,22.0,2.0,111.8,109.2,104.0,146.9
JC Archer,199,123,161.8,0.0,130.0,170.6,4.0,10.0,109.0,144.7,105.0,113.5,160.6
JC Buttler,3214,2156,149.1,142.6,141.4,200.0,985.0,909.0,262.0,148.0,139.5,138.5,186.1
JD Ryder,604,455,132.7,136.2,114.4,160.7,323.0,104.0,28.0,131.1,129.8,113.2,152.2
JD Unadkat,172,139,123.7,,100.0,128.4,,23.0,116.0,123.7,109.2,109.6,138.3
JDP Oram,106,107,99.1,,75.9,126.5,,58.0,49.0,111.0,109.2,98.7,142.1
JDS Neesham,92,93,98.9,,108.7,89.4,,46.0,47.0,111.7,109.2,110.9,130.5
JE Root,10,15,66.7,66.7,,,15.0,,,116.2,103.7,111.8,149.8
JE Taylor,3,3,100.0,,,100.0,,,3.0,123.0,109.2,111.8,148.3
JEC Franklin,327,300,109.0,85.9,107.9,142.6,92.0,140.0,68.0,112.7,98.0,109.5,146.9
JH Kallis,2414,2197,109.9,106.6,98.7,172.8,970.0,999.0,228.0,110.5,106.8,99.9,165.8
JJ Bumrah,56,64,87.5,,100.0,86.4,,5.0,59.0,109.5,109.2,111.3,126.3
JJ Roy,614,441,139.2,131.9,148.5,178.3,288.0,130.0,23.0,136.3,126.0,132.6,155.1
JJ van der Wath,18,16,112.5,,80.0,127.3,,5.0,11.0,122.1,109.2,110.3,147.6
JL Denly,0,1,0.0,0.0,,,1.0,,,122.4,108.1,111.8,149.8
JL Pattinson,15,13,115.4,,,115.4,,,13.0,122.7,109.2,111.8,145.8
JM Bairstow,1217,855,142.3,145.6,140.1,130.6,432.0,374.0,49.0,140.3,138.8,134.1,143.5
JM Kemp,26,24,108.3,66.7,153.8,50.0,3.0,13.0,8.0,120.7,108.0,116.7,142.4
JM Sharma,543,339,160.2,68.8,151.8,193.1,16.0,222.0,101.0,151.9,103.6,139.4,171.6
JO Holder,259,209,123.9,66.7,125.9,130.8,18.0,58.0,133.0,123.8,102.7,117.0,139.0
JP Behrendorff,6,9,66.7,,,66.7,,,9.0,118.9,109.2,111.8,142.9
JP Duminy,1962,1588,123.6,98.3,102.7,171.7,239.0,854.0,495.0,123.6,101.5,103.7,168.0
JP Faulkner,503,355,141.7,73.7,95.8,159.1,19.0,72.0,264.0,137.7,103.5,105.1,156.5
JPR Scantlebury-Searles,8,6,133.3,,,133.3,,,6.0,124.2,109.2,111.8,148.9
JR Hazlewood,19,28,67.9,,20.0,94.4,,10.0,18.0,111.5,109.2,103.5,141.3
JR Hopes,417,305,136.7,125.6,147.2,140.0,133.0,127.0,45.0,133.5,118.6,131.6,146.8
JR Philippe,78,77,101.3,92.7,130.0,50.0,55.0,20.0,2.0,113.9,103.3,114.9,147.8
Jaskaran Singh,8,11,72.7,,50.0,77.8,,2.0,9.0,118.6,109.2,110.6,143.9
Joginder Sharma,36,30,120.0,,0.0,128.6,,2.0,28.0,122.8,109.2,109.7,145.2
K Goel,218,231,94.4,99.4,66.7,107.1,161.0,42.0,28.0,103.2,103.2,98.5,140.5
K Gowtham,226,130,173.8,160.0,131.0,196.4,5.0,42.0,83.0,152.0,111.6,117.5,170.9
K Kartikeya,9,12,75.0,,,75.0,,,12.0,118.4,109.2,111.8,141.8
K Rabada,186,178,104.5,33.3,85.5,116.8,3.0,62.0,113.0,111.4,107.0,101.8,132.3
K Upadhyay,12,9,133.3,,,133.3,,,9.0,124.4,109.2,111.8,148.4
K Yadav,0,4,0.0,,,0.0,,,4.0,118.9,109.2,111.8,144.0
KA Jamieson,65,55,118.2,,63.2,147.2,,19.0,36.0,121.7,109.2,104.1,149.1
KA Pollard,3293,2246,146.6,77.8,124.6,169.5,36.0,1071.0,1139.0,145.6,100.9,123.5,167.9
KAJ Roach,10,9,111.1,,250.0,71.4,,2.0,7.0,122.6,109.2,114.6,144.7
KB Arun Karthik,46,45,102.2,,118.2,87.0,,22.0,23.0,117.0,109.2,113.0,138.1
KC Cariappa,24,21,114.3,,150.0,92.3,,8.0,13.0,122.0,109.2,114.7,143.2
KC Sangakkara,1656,1352,122.5,117.3,119.6,157.8,439.0,785.0,128.0,122.6,115.8,118.7,154.3
KD Karthik,4408,3318,132.9,98.8,122.2,169.4,401.0,1969.0,948.0,132.6,100.9,121.7,167.5
KH Pandya,1442,1079,133.6,124.6,120.8,160.6,57.0,679.0,343.0,132.8,114.8,119.7,158.2
KJ Abbott,13,8,162.5,,0.0,185.7,,1.0,7.0,126.5,109.2,110.7,152.1
KK Ahmed,1,7,14.3,,,14.3,,,7.0,116.5,109.2,111.8,140.9
KK Cooper,116,67,173.1,350.0,136.4,183.7,2.0,22.0,43.0,143.5,113.9,116.3,160.0
KK Nair,1460,1139,128.2,124.4,119.3,176.1,397.0,600.0,142.0,127.8,121.3,118.2,165.2
KL Nagarkoti,22,33,66.7,,46.2,80.0,,13.0,20.0,109.5,109.2,104.3,138.2
KL Rahul,4053,3006,134.8,124.4,131.8,179.8,1340.0,1270.0,396.0,134.4,123.3,130.3,173.8
KM Asif,0,2,0.0,,0.0,,,2.0,,121.2,109.2,109.7,149.8
KM Jadhav,1170,943,124.1,83.8,118.7,139.1,80.0,477.0,386.0,124.1,97.9,117.5,141.3
KMA Paul,18,24,75.0,,,75.0,,,24.0,114.2,109.2,111.8,135.3
KMDN Kulasekara,5,3,166.7,,,166.7,,,3.0,124.9,109.2,111.8,150.3
KP Appanna,2,4,50.0,,,50.0,,,4.0,120.8,109.2,111.8,146.0
KP Pietersen,1001,742,134.9,133.8,127.9,178.3,293.0,380.0,69.0,133.6,127.5,124.6,161.4
KR Mayers,365,241,151.5,146.4,167.2,,183.0,58.0,,143.3,133.3,132.2,149.8
KR Sen,0,3,0.0,,,0.0,,,3.0,120.0,109.2,111.8,145.4
KS Bharat,199,161,123.6,114.0,120.0,168.4,57.0,85.0,19.0,123.6,110.9,115.6,152.8
KS Sharma,7,9,77.8,77.8,,,9.0,,,119.9,106.6,111.8,149.8
KS Williamson,2003,1585,126.4,97.2,128.5,167.0,433.0,888.0,264.0,126.2,99.5,126.8,162.3
KV Sharma,320,279,114.7,77.8,92.4,130.9,9.0,105.0,165.0,117.1,106.6,101.9,138.0
KW Richardson,36,39,92.3,,105.6,81.0,,18.0,21.0,114.9,109.2,110.9,137.9
Kamran Akmal,128,77,166.2,127.5,255.0,152.9,40.0,20.0,17.0,142.2,114.4,135.7,150.3
Kamran Khan,3,5,60.0,,75.0,0.0,,4.0,1.0,120.6,109.2,110.4,148.3
Karanveer Singh,12,17,70.6,,57.1,80.0,,7.0,10.0,115.9,109.2,108.3,143.5
Kartik Tyagi,13,16,81.2,,,81.2,,,16.0,117.8,109.2,111.8,140.3
Kuldeep Yadav,126,170,74.1,,33.3,82.9,,30.0,140.0,92.5,109.2,93.7,110.8
L Ablish,0,2,0.0,,,0.0,,,2.0,121.2,109.2,111.8,146.9
L Balaji,36,49,73.5,,25.0,77.8,,4.0,45.0,107.2,109.2,108.5,127.5
L Ronchi,34,34,100.0,100.0,,,34.0,,,117.6,106.9,111.8,149.8
LA Carseldine,81,66,122.7,111.8,115.0,166.7,34.0,20.0,12.0,123.3,109.9,112.4,151.6
LA Pomersbach,302,243,124.3,135.1,112.0,136.7,77.0,117.0,49.0,124.1,120.5,111.9,145.5
LE Plunkett,1,3,33.3,,,33.3,,,3.0,121.0,109.2,111.8,146.4
LH Ferguson,67,44,152.3,,,152.3,,,44.0,132.4,109.2,111.8,150.6
LJ Wright,106,59,179.7,100.0,93.3,233.3,8.0,15.0,36.0,144.4,108.5,109.4,171.9
LMP Simmons,1079,848,127.2,118.9,135.1,155.6,456.0,356.0,36.0,126.8,117.2,130.0,151.3
LPC Silva,40,26,153.8,128.6,88.9,230.0,7.0,9.0,10.0,129.9,110.5,110.0,157.1
LR Shukla,392,337,116.3,50.0,100.6,133.5,2.0,171.0,164.0,118.0,108.0,104.8,139.7
LRPL Taylor,1017,818,124.3,128.1,109.8,159.2,121.0,501.0,196.0,124.2,119.5,110.1,156.0
LS Livingstone,817,486,168.1,152.5,152.5,236.7,99.0,297.0,90.0,160.5,130.7,142.3,191.0
Lalit Yadav,295,273,108.1,80.6,105.9,124.7,31.0,169.0,73.0,112.3,102.4,108.1,139.2
Liton Das,4,4,100.0,100.0,,,4.0,,,122.7,108.8,111.8,149.8
M Ashwin,35,50,70.0,,38.5,81.1,,13.0,37.0,105.8,109.2,103.4,131.2
M Jansen,48,53,90.6,,63.6,97.6,,11.0,42.0,112.2,109.2,107.1,134.4
M Kaif,245,233,105.2,59.5,111.5,122.5,37.0,156.0,40.0,110.7,95.8,111.6,142.0
M Kartik,111,105,105.7,,112.9,102.7,,31.0,74.0,114.5,109.2,112.1,129.8
M Klinger,73,75,97.3,104.2,85.2,,48.0,27.0,,112.4,107.6,106.2,149.8
M Manhas,514,470,109.4,86.8,96.6,131.9,53.0,232.0,185.0,111.9,101.4,101.2,138.2
M Markande,48,42,114.3,,0.0,117.1,,1.0,41.0,120.9,109.2,110.7,140.3
M Morkel,126,89,141.6,,111.1,145.0,,9.0,80.0,132.1,109.2,111.8,147.7
M Muralitharan,20,29,69.0,,,69.0,,,29.0,111.4,109.2,111.8,131.6
M Ntini,11,18,61.1,,,61.1,,,18.0,114.1,109.2,111.8,136.3
M Prasidh Krishna,9,24,37.5,,,37.5,,,24.0,107.0,109.2,111.8,128.1
M Rawat,55,69,79.7,0.0,68.2,88.9,2.0,22.0,45.0,105.7,107.1,104.0,130.9
M Shahrukh Khan,426,315,135.2,125.0,100.0,163.2,12.0,132.0,171.0,132.4,110.9,105.1,158.3
M Theekshana,7,7,100.0,,0.0,175.0,,3.0,4.0,122.1,109.2,108.6,150.8
M Vijay,2598,2126,122.2,114.5,131.6,176.1,1356.0,699.0,71.0,122.3,114.1,129.1,160.7
M Vohra,1073,817,131.3,128.7,126.4,229.6,529.0,261.0,27.0,130.5,125.6,122.4,166.8
M de Lange,1,2,50.0,,,50.0,,,2.0,122.2,109.2,111.8,147.8
MA Agarwal,2490,1852,134.4,124.1,139.9,212.4,1052.0,711.0,89.0,133.8,122.8,136.4,179.3
MA Khote,24,22,109.1,,85.7,120.0,,7.0,15.0,121.0,109.2,110.1,145.9
MA Starc,96,98,98.0,,105.7,93.7,,35.0,63.0,111.0,109.2,110.3,128.1
MA Wood,12,8,150.0,,,150.0,,,8.0,125.6,109.2,111.8,149.8
MC Henriques,956,745,128.3,115.8,114.3,169.7,139.0,421.0,185.0,127.7,113.0,113.8,162.7
MC Juneja,108,112,96.4,125.0,88.8,106.2,16.0,80.0,16.0,109.3,111.4,101.6,143.8
MD Mishra,237,206,115.0,104.9,126.6,142.1,123.0,64.0,19.0,117.8,106.8,117.6,148.6
MD Shanaka,26,26,100.0,0.0,106.2,100.0,1.0,16.0,9.0,118.8,108.1,111.1,145.7
MDKJ Perera,14,13,107.7,107.7,,,13.0,,,121.8,109.0,111.8,149.8
MEK Hussey,1977,1610,122.8,108.1,125.4,191.9,766.0,708.0,136.0,122.8,108.2,123.7,174.1
MF Maharoof,177,123,143.9,,123.5,151.7,,34.0,89.0,134.8,109.2,114.8,150.7
MG Bracewell,58,47,123.4,100.0,134.4,100.0,2.0,32.0,13.0,123.6,109.0,117.3,144.1
MG Johnson,154,156,98.7,,50.0,105.9,,20.0,136.0,108.4,109.2,101.5,124.5
MJ Clarke,98,94,104.3,118.8,73.3,,64.0,30.0,,114.3,112.9,103.0,149.8
MJ Guptill,255,184,138.6,141.0,130.0,,144.0,40.0,,133.3,128.0,117.0,149.8
MJ Lumb,278,191,145.5,149.0,132.5,,151.0,40.0,,138.0,133.1,117.8,149.8
MJ McClenaghan,84,68,123.5,0.0,152.6,114.6,1.0,19.0,48.0,123.6,108.1,118.4,138.4
MJ Santner,56,53,105.7,83.3,54.5,166.7,24.0,11.0,18.0,117.4,104.2,106.2,152.4
MK Lomror,402,304,132.2,81.6,135.9,145.5,38.0,167.0,99.0,130.1,101.6,126.9,147.7
MK Pandey,3712,3075,120.7,112.9,118.1,148.5,981.0,1663.0,431.0,120.8,112.6,117.7,148.7
MK Tiwary,1695,1444,117.4,97.8,108.4,146.0,229.0,806.0,409.0,117.8,101.3,108.8,146.7
ML Hayden,1074,775,138.6,131.1,140.4,195.9,441.0,285.0,49.0,136.9,127.1,133.0,165.0
MM Ali,1034,719,143.8,125.6,139.9,178.5,168.0,416.0,135.0,141.3,119.5,134.5,166.3
MM Patel,39,41,95.1,,0.0,102.6,,3.0,38.0,115.3,109.2,108.6,136.8
MM Sharma,122,118,103.4,,103.0,103.5,,33.0,85.0,112.7,109.2,109.7,128.5
MN Samuels,161,172,93.6,36.0,97.7,147.1,25.0,130.0,17.0,104.6,94.6,103.9,149.4
MN van Wyk,167,131,127.5,112.0,115.9,153.5,25.0,63.0,43.0,125.8,109.8,113.4,150.9
MP Stoinis,1417,1019,139.1,120.5,124.4,163.4,122.0,501.0,396.0,137.7,115.4,122.3,160.7
MR Marsh,604,483,125.1,135.3,109.9,143.6,133.0,233.0,117.0,124.9,124.1,110.5,146.5
MS Bisla,788,682,115.5,111.1,116.2,187.5,424.0,234.0,24.0,116.5,110.7,114.9,157.1
MS Dhoni,5082,3718,136.7,81.9,101.2,176.2,72.0,1869.0,1777.0,136.4,97.8,101.7,174.8
MS Gony,97,64,151.6,,64.7,183.0,,17.0,47.0,134.6,109.2,105.0,160.4
MS Wade,168,151,111.3,122.0,95.0,,91.0,60.0,,116.2,115.3,105.5,149.8
MV Boucher,394,307,128.3,91.7,99.3,162.1,24.0,138.0,145.0,127.2,105.8,104.6,157.1
MW Short,117,92,127.2,137.2,71.4,,78.0,14.0,,125.4,121.5,106.9,149.8
Mandeep Singh,1679,1365,123.0,114.4,118.2,149.6,547.0,544.0,274.0,123.0,113.6,117.2,149.7
Mashrafe Mortaza,2,2,100.0,,,100.0,,,2.0,123.2,109.2,111.8,148.8
Misbah-ul-Haq,117,81,144.4,142.1,114.3,210.0,19.0,42.0,20.0,132.9,114.5,112.6,159.8
Mohammad Ashraful,2,10,20.0,20.0,,,10.0,,,114.2,101.1,111.8,149.8
Mohammad Asif,3,6,50.0,,66.7,33.3,,3.0,3.0,119.5,109.2,110.5,146.4
Mohammad Hafeez,64,83,77.1,77.8,68.4,111.1,36.0,38.0,9.0,102.5,100.9,99.9,146.6
Mohammad Nabi,149,98,152.0,,144.2,158.2,,43.0,55.0,137.7,109.2,121.6,152.8
Mohammed Shami,74,79,93.7,,107.1,90.8,,14.0,65.0,110.4,109.2,111.3,126.6
Mohammed Siraj,97,109,89.0,,,89.0,,,109.0,105.6,109.2,111.8,118.1
Mohit Rathee,1,2,50.0,,,50.0,,,2.0,122.2,109.2,111.8,147.8
Mohsin Khan,23,23,100.0,,33.3,110.0,,3.0,20.0,119.2,109.2,109.6,143.2
Mujeeb Ur Rahman,12,15,80.0,,33.3,91.7,,3.0,12.0,118.0,109.2,109.6,143.6
Mukesh Choudhary,6,6,100.0,,100.0,100.0,,4.0,2.0,122.3,109.2,111.4,148.8
Mukesh Kumar,7,9,77.8,,,77.8,,,9.0,119.9,109.2,111.8,143.9
Mustafizur Rahman,13,23,56.5,,,56.5,,,23.0,111.1,109.2,111.8,132.4
N Jagadeesan,162,147,110.2,104.9,119.2,84.6,61.0,73.0,13.0,115.6,107.6,115.0,142.3
N Pooran,1226,763,160.7,120.6,157.2,170.7,34.0,442.0,287.0,156.4,112.1,148.8,165.3
N Rana,2545,1873,135.9,118.7,135.0,180.4,529.0,1119.0,225.0,135.3,117.2,133.1,171.0
N Saini,140,140,100.0,96.4,108.2,87.5,83.0,49.0,8.0,109.9,103.4,110.6,145.2
N Wadhera,241,165,146.1,111.1,137.1,183.3,18.0,105.0,42.0,137.6,109.5,124.8,159.7
ND Doshi,0,13,0.0,,,0.0,,,13.0,109.4,109.2,111.8,132.6
NJ Maddinson,20,21,95.2,95.2,,,21.0,,,118.7,106.8,111.8,149.8
NJ Rimmington,1,1,100.0,,,100.0,,,1.0,123.4,109.2,111.8,149.3
NK Patel,121,119,101.7,81.8,92.9,168.2,55.0,42.0,22.0,111.7,99.5,106.2,153.1
NL McCullum,26,22,118.2,,120.0,117.6,,5.0,17.0,122.7,109.2,112.2,145.1
NLTC Perera,415,297,139.7,128.6,120.7,152.9,14.0,111.0,172.0,135.7,111.6,116.5,151.8
NM Coulter-Nile,58,60,96.7,,56.2,111.4,,16.0,44.0,113.5,109.2,104.2,138.1
NS Naik,24,34,70.6,,91.7,59.1,,12.0,22.0,110.2,109.2,109.7,133.4
NT Ellis,19,25,76.0,,0.0,105.6,,7.0,18.0,114.1,109.2,104.5,143.1
NV Ojha,1546,1289,119.9,105.2,121.5,140.4,462.0,535.0,292.0,120.2,105.9,120.0,142.8
Navdeep Saini,33,36,91.7,,55.6,103.7,,9.0,27.0,115.2,109.2,107.2,140.0
Naveen-ul-Haq,16,20,80.0,,20.0,100.0,,5.0,15.0,116.4,109.2,107.5,143.3
Noor Ahmad,8,9,88.9,,33.3,116.7,,3.0,6.0,120.8,109.2,109.6,147.9
OA Shah,506,388,130.4,127.8,107.5,157.3,18.0,199.0,171.0,129.0,112.0,109.0,154.5
OC McCoy,8,5,160.0,,,160.0,,,5.0,125.4,109.2,111.8,150.3
OF Smith,51,44,115.9,,33.3,137.1,,9.0,35.0,121.3,109.2,105.4,146.5
P Awana,5,14,35.7,,,35.7,,,14.0,112.8,109.2,111.8,135.8
P Chopra,8,6,133.3,,133.3,,,6.0,,124.2,109.2,113.1,149.8
P Dogra,127,138,92.0,,71.1,117.7,,76.0,62.0,105.3,109.2,94.3,137.5
P Dubey,23,33,69.7,,81.2,58.8,,16.0,17.0,110.3,109.2,107.6,136.6
P Kumar,340,312,109.0,75.0,88.9,113.5,8.0,45.0,259.0,112.6,106.7,104.7,123.6
P Negi,361,285,126.7,0.0,103.0,142.0,3.0,101.0,181.0,125.9,106.0,107.4,144.8
P Parameswaran,1,2,50.0,,,50.0,,,2.0,122.2,109.2,111.8,147.8
P Ray Barman,19,24,79.2,,82.6,0.0,,23.0,1.0,115.0,109.2,106.4,148.3
P Sahu,19,13,146.2,,,146.2,,,13.0,126.2,109.2,111.8,149.4
P Simran Singh,422,304,138.8,134.2,143.2,155.9,196.0,74.0,34.0,135.0,125.8,125.2,151.3
PA Patel,2711,2239,121.1,122.0,117.4,139.3,1506.0,672.0,61.0,121.2,121.2,116.7,145.8
PA Reddy,141,139,101.4,94.4,93.2,300.0,90.0,44.0,5.0,110.7,102.2,106.2,157.0
PBB Rajapaksa,277,190,145.8,160.4,144.8,75.0,48.0,134.0,8.0,138.2,125.8,130.7,144.3
PC Valthaty,500,407,122.9,115.0,124.6,209.1,267.0,118.0,22.0,123.0,113.4,118.8,160.5
PD Collingwood,203,156,130.1,136.8,104.3,180.0,19.0,92.0,45.0,127.6,113.6,108.2,159.2
PD Salt,218,133,163.9,152.1,173.9,187.5,71.0,46.0,16.0,146.6,127.0,131.4,155.0
PJ Cummins,379,248,152.8,0.0,120.0,171.0,1.0,85.0,162.0,144.4,108.1,115.6,162.9
PJ Sangwan,26,44,59.1,,44.4,62.9,,9.0,35.0,103.9,109.2,106.3,127.3
PK Garg,269,231,116.5,102.0,107.0,171.1,50.0,143.0,38.0,118.7,106.8,109.0,155.7
PM Sarvesh Kumar,1,2,50.0,,,50.0,,,2.0,122.2,109.2,111.8,147.8
PN Mankad,97,72,134.7,121.6,141.7,163.6,37.0,24.0,11.0,128.3,112.5,117.6,151.2
PP Chawla,589,536,109.9,115.4,90.1,119.4,13.0,172.0,351.0,112.1,109.9,98.1,126.1
PP Ojha,16,44,36.4,,0.0,38.1,,2.0,42.0,97.0,109.2,109.7,116.8
PP Shaw,1537,1055,145.7,146.0,148.1,14.3,780.0,268.0,7.0,143.8,141.8,138.2,140.9
PR Shah,92,90,102.2,96.8,89.7,135.0,31.0,39.0,20.0,113.5,106.3,105.6,147.3
PSP Handscomb,6,12,50.0,,50.0,,,12.0,,115.8,109.2,105.2,149.8
PV Tambe,18,38,47.4,,75.0,40.0,,8.0,30.0,102.7,109.2,109.1,124.5
PVD Chameera,43,28,153.6,,,153.6,,,28.0,130.2,109.2,111.8,150.6
PWH de Silva,72,73,98.6,,70.8,112.2,,24.0,49.0,113.1,109.2,103.9,137.4
Pankaj Singh,7,12,58.3,,,58.3,,,12.0,116.6,109.2,111.8,140.0
Parvez Rasool,17,20,85.0,,,85.0,,,20.0,117.2,109.2,111.8,139.0
Q de Kock,2702,2006,134.7,131.7,131.4,225.8,1232.0,708.0,66.0,134.2,130.0,129.0,180.0
R Ashwin,708,589,120.2,96.7,96.4,138.0,60.0,192.0,337.0,120.7,104.5,101.7,140.7
R Bhatia,342,284,120.4,,81.2,145.9,,112.0,172.0,121.2,109.2,95.7,147.3
R Bishnoi,19,17,111.8,128.6,0.0,50.0,14.0,1.0,2.0,121.9,111.6,110.7,147.8
R Dhawan,210,187,112.3,,76.4,127.3,,55.0,132.0,116.3,109.2,99.3,137.0
R Dravid,2174,1878,115.8,109.2,114.9,168.1,829.0,930.0,119.0,116.2,109.2,114.6,159.7
R McLaren,159,171,93.0,66.7,82.1,119.0,18.0,95.0,58.0,104.3,102.7,97.4,138.5
R Ninan,3,5,60.0,,,60.0,,,5.0,120.6,109.2,111.8,145.5
R Parag,600,482,124.5,0.0,104.9,152.0,11.0,246.0,225.0,124.4,98.4,106.9,151.3
R Powell,257,176,146.0,,109.8,209.4,,112.0,64.0,137.9,109.2,110.8,173.1
R Rampaul,39,42,92.9,,93.8,92.3,,16.0,26.0,114.6,109.2,109.4,137.9
R Sanjay Yadav,0,2,0.0,,,0.0,,,2.0,121.2,109.2,111.8,146.9
R Sathish,270,230,117.4,0.0,101.0,139.0,7.0,105.0,118.0,119.3,102.1,106.3,144.0
R Sharma,66,75,88.0,,50.0,89.0,,2.0,73.0,108.4,109.2,110.6,124.1
R Shepherd,58,41,141.5,,126.3,154.5,,19.0,22.0,128.8,109.2,114.2,150.6
R Shukla,19,23,82.6,,100.0,81.8,,1.0,22.0,116.0,109.2,111.7,137.5
R Tewatia,825,622,132.6,85.7,95.0,165.5,7.0,282.0,333.0,131.4,107.7,99.4,161.9
R Vinay Kumar,302,268,112.7,,100.0,115.5,,48.0,220.0,115.7,109.2,108.0,126.2
RA Bawa,11,14,78.6,0.0,84.6,,1.0,13.0,,118.1,108.1,108.7,149.8
RA Jadeja,2642,2033,130.0,110.6,108.9,150.8,47.0,967.0,1019.0,129.7,109.6,109.2,150.7
RA Tripathi,2048,1469,139.4,140.0,137.3,147.0,607.0,713.0,149.0,138.4,135.6,134.2,148.1
RD Chahar,108,109,99.1,,20.0,111.7,,15.0,94.0,110.8,109.2,99.9,131.3
RD Gaikwad,1797,1318,136.3,123.9,146.0,172.8,700.0,515.0,103.0,135.4,122.1,140.4,161.5
RE Levi,83,73,113.7,108.8,131.2,,57.0,16.0,,119.5,109.1,114.5,149.8
RE van der Merwe,159,141,112.8,97.3,120.7,115.2,37.0,58.0,46.0,117.3,106.0,115.1,138.9
RG More,2,2,100.0,,,100.0,,,2.0,123.2,109.2,111.8,148.8
RG Sharma,6165,4712,130.8,119.4,120.6,182.0,1529.0,2367.0,816.0,130.7,118.8,120.2,178.5
RJ Harris,117,111,105.4,,84.0,111.6,,25.0,86.0,114.0,109.2,106.3,132.1
RJ Peterson,32,30,106.7,,92.9,118.8,,14.0,16.0,119.7,109.2,109.5,145.5
RJ Quiney,97,100,97.0,85.5,132.1,33.3,69.0,28.0,3.0,110.3,99.5,116.3,146.4
RK Bhui,7,17,41.2,0.0,63.6,0.0,5.0,11.0,1.0,111.7,104.0,107.1,148.3
RK Singh,725,506,143.3,150.0,107.5,185.2,18.0,265.0,223.0,140.1,115.4,108.7,174.2
RM Patidar,404,279,144.8,108.1,151.2,288.9,99.0,162.0,18.0,139.2,108.7,136.2,171.0
RN ten Doeschate,326,235,138.7,85.7,122.7,151.4,7.0,88.0,140.0,134.2,107.7,116.9,150.7
RP Meredith,0,3,0.0,,,0.0,,,3.0,120.0,109.2,111.8,145.4
RP Singh,52,76,68.4,,33.3,71.4,,6.0,70.0,99.8,109.2,107.4,117.5
RR Bhatkal,0,2,0.0,,,0.0,,,2.0,121.2,109.2,111.8,146.9
RR Pant,2759,1838,150.1,127.2,138.0,205.3,272.0,1191.0,375.0,148.7,122.4,136.0,193.6
RR Powar,65,63,103.2,,0.0,110.2,,4.0,59.0,115.7,109.2,107.5,135.1
RR Raje,20,18,111.1,,,111.1,,,18.0,121.7,109.2,111.8,143.9
RR Rossouw,262,191,137.2,107.5,130.2,209.4,53.0,106.0,32.0,132.5,108.6,121.3,164.2
RR Sarwan,73,75,97.3,112.5,80.0,,40.0,35.0,,112.4,110.1,103.6,149.8
RS Bopara,530,445,119.1,94.9,108.3,172.1,136.0,205.0,104.0,119.9,101.0,109.5,161.2
RS Gavaskar,2,8,25.0,,25.0,,,8.0,,116.3,109.2,105.4,149.8
RS Sodhi,4,2,200.0,,,200.0,,,2.0,125.1,109.2,111.8,150.8
RT Ponting,91,128,71.1,60.0,86.8,,75.0,53.0,,94.1,88.1,103.2,149.8
RV Gomez,50,51,98.0,0.0,0.0,113.6,1.0,6.0,44.0,115.0,108.1,105.5,138.7
RV Patel,80,73,109.6,,90.3,123.8,,31.0,42.0,117.7,109.2,106.8,142.1
RV Uthappa,4941,3775,130.9,124.6,128.5,176.1,1624.0,1829.0,322.0,130.7,123.7,127.6,169.9
Rahmanullah Gurbaz,227,169,134.3,130.6,143.9,0.0,111.0,57.0,1.0,130.3,120.5,123.5,148.3
Ramandeep Singh,45,39,115.4,66.7,64.0,245.5,3.0,25.0,11.0,121.3,108.0,102.3,159.3
Rashid Khan,442,260,170.0,,135.7,174.1,,28.0,232.0,157.1,109.2,117.1,166.8
Rasikh Salam,12,10,120.0,,,120.0,,,10.0,123.3,109.2,111.8,147.1
Ravi Bishnoi,28,44,63.6,,47.1,74.1,,17.0,27.0,105.3,109.2,102.4,133.7
S Anirudha,136,112,121.4,92.9,103.0,149.0,28.0,33.0,51.0,122.5,105.6,109.7,149.5
S Aravind,59,57,103.5,,83.3,108.9,,12.0,45.0,116.3,109.2,108.8,137.1
S Badree,13,23,56.5,,55.6,57.1,,9.0,14.0,111.1,109.2,107.2,138.4
S Badrinath,1439,1206,119.3,77.1,120.1,154.0,236.0,695.0,274.0,119.6,86.7,119.1,152.9
S Chanderpaul,25,31,80.6,80.6,,,31.0,,,113.5,102.4,111.8,149.8
S Dhawan,6573,5145,127.8,123.4,126.8,160.5,2666.0,2064.0,415.0,127.7,122.9,126.1,158.4
S Dube,1079,769,140.3,75.0,137.9,160.1,40.0,531.0,198.0,138.4,99.4,133.8,156.6
S Gopal,180,169,106.5,0.0,73.8,129.8,4.0,61.0,104.0,112.9,105.0,97.4,139.6
S Kaul,20,36,55.6,,,55.6,,,36.0,105.6,109.2,111.8,124.9
S Kaushik,0,1,0.0,,,0.0,,,1.0,122.4,109.2,111.8,148.3
S Ladda,0,9,0.0,,0.0,0.0,,6.0,3.0,113.4,109.2,105.5,145.4
S Lamichhane,0,1,0.0,,,0.0,,,1.0,122.4,109.2,111.8,148.3
S Nadeem,39,87,44.8,,42.9,45.5,,21.0,66.0,87.0,109.2,99.9,108.3
S Narwal,37,27,137.0,,133.3,138.9,,9.0,18.0,126.5,109.2,113.6,148.1
S Rana,91,79,115.2,90.9,33.3,141.7,22.0,9.0,48.0,119.9,105.9,105.4,147.2
S Randiv,2,4,50.0,,,50.0,,,4.0,120.8,109.2,111.8,146.0
S Sohal,368,289,127.3,128.6,134.9,44.4,217.0,63.0,9.0,126.4,122.5,120.8,141.1
S Sreesanth,34,55,61.8,,,61.8,,,55.0,101.7,109.2,111.8,118.6
S Sriram,31,36,86.1,118.2,72.0,,11.0,25.0,,113.7,110.1,103.9,149.8
S Tyagi,3,4,75.0,,,75.0,,,4.0,121.8,109.2,111.8,146.9
S Vidyut,145,109,133.0,135.5,140.0,0.0,76.0,30.0,3.0,128.5,120.6,118.3,145.4
SA Abbott,22,18,122.2,,0.0,146.7,,3.0,15.0,123.4,109.2,108.6,149.4
SA Asnodkar,423,337,125.5,133.7,112.4,,208.0,129.0,,125.1,125.7,112.2,149.8
SA Yadav,3195,2215,144.2,140.9,137.0,175.6,543.0,1311.0,361.0,143.3,136.0,135.2,170.0
SB Bangar,47,49,95.9,,57.7,139.1,,26.0,23.0,114.5,109.2,100.7,147.8
SB Jakati,28,29,96.6,,,96.6,,,29.0,117.6,109.2,111.8,137.8
SB Joshi,6,14,42.9,,46.2,0.0,,13.0,1.0,113.7,109.2,104.3,148.3
SB Styris,131,132,99.2,66.7,89.2,148.1,12.0,93.0,27.0,109.7,104.6,100.9,149.4
SB Wagh,2,3,66.7,,,66.7,,,3.0,122.0,109.2,111.8,147.4
SC Ganguly,1303,1228,106.1,102.3,98.1,186.2,517.0,624.0,87.0,107.4,103.4,100.0,166.7
SD Chitnis,99,88,112.5,16.7,119.6,119.4,6.0,46.0,36.0,118.4,104.0,114.3,141.8
SD Lad,15,13,115.4,115.4,,,13.0,,,122.7,109.9,111.8,149.8
SE Bond,1,2,50.0,,50.0,,,2.0,,122.2,109.2,110.6,149.8
SE Marsh,2412,1822,132.4,104.9,148.8,158.0,715.0,945.0,162.0,131.9,105.4,145.3,154.9
SE Rutherford,106,104,101.9,33.3,72.0,157.1,12.0,50.0,42.0,112.6,101.1,98.6,152.0
SJ Srivastava,5,5,100.0,,,100.0,,,5.0,122.5,109.2,111.8,147.4
SK Raina,5512,4008,137.5,133.8,131.5,172.6,1159.0,2328.0,521.0,137.2,131.8,130.7,168.9
SK Trivedi,42,58,72.4,,0.0,73.7,,1.0,57.0,104.8,109.2,110.7,122.2
SK Warne,196,211,92.9,,74.4,104.7,,82.0,129.0,102.8,109.2,95.0,124.4
SL Malinga,88,98,89.8,,66.7,90.5,,3.0,95.0,106.9,109.2,110.5,120.9
SM Curran,613,426,143.9,134.4,98.3,189.9,61.0,177.0,188.0,140.1,118.7,103.2,176.0
SM Harwood,9,13,69.2,,,69.2,,,13.0,117.4,109.2,111.8,140.5
SM Katich,241,185,130.3,134.3,124.6,125.0,108.0,61.0,16.0,128.0,122.2,116.7,146.4
SM Pollock,147,111,132.4,16.7,104.8,190.5,6.0,63.0,42.0,128.3,104.0,109.1,161.8
SMSM Senanayake,10,16,62.5,,,62.5,,,16.0,115.2,109.2,111.8,137.8
SN Khan,528,412,128.2,130.9,104.7,157.0,68.0,193.0,151.0,127.3,118.0,107.1,154.1
SN Thakur,286,203,140.9,0.0,136.4,148.4,4.0,77.0,122.0,135.2,105.0,122.5,149.0
SO Hetmyer,1122,724,155.0,123.3,125.4,181.7,43.0,299.0,382.0,151.2,113.4,122.0,175.1
SP Fleming,196,162,121.0,111.1,140.7,,108.0,54.0,,122.0,110.2,122.0,149.8
SP Goswami,293,293,100.0,98.8,98.1,118.2,165.0,106.0,22.0,106.0,102.7,104.8,144.1
SP Jackson,61,57,107.0,111.1,94.4,113.3,9.0,18.0,30.0,117.6,109.4,109.2,141.4
SP Narine,1045,653,160.0,172.3,160.4,115.7,386.0,159.0,108.0,155.2,159.3,141.7,132.1
SPD Smith,2432,1890,128.7,122.0,117.2,166.7,410.0,1081.0,399.0,128.4,119.5,116.7,163.3
SR Tendulkar,2334,1941,120.2,117.0,116.8,164.7,977.0,828.0,136.0,120.4,116.3,116.3,158.4
SR Watson,3796,2738,138.6,113.9,153.5,187.9,1234.0,1264.0,240.0,138.1,113.5,150.4,176.7
SS Cottrell,0,2,0.0,,,0.0,,,2.0,121.2,109.2,111.8,146.9
SS Iyer,2674,2126,125.8,112.9,127.1,159.3,735.0,1155.0,236.0,125.7,112.5,125.9,156.5
SS Prabhudessai,102,87,117.2,66.7,121.0,146.2,12.0,62.0,13.0,120.6,104.6,115.4,149.4
SS Shaikh,6,7,85.7,,85.7,,,7.0,,121.2,109.2,110.1,149.8
SS Tiwary,1481,1226,120.8,106.3,114.0,145.5,159.0,764.0,303.0,121.0,107.4,113.8,146.6
ST Jayasuriya,768,529,145.2,141.2,153.9,,364.0,165.0,,141.8,134.3,138.0,149.8
STR Binny,868,677,128.2,72.0,117.7,149.8,25.0,395.0,257.0,127.6,101.8,116.5,149.8
SV Samson,3835,2790,137.5,117.7,136.6,190.1,875.0,1562.0,353.0,137.0,116.8,135.1,181.2
SW Billings,503,385,130.6,128.9,119.3,168.6,97.0,218.0,70.0,129.2,118.9,117.0,157.5
SW Tait,23,26,88.5,,111.1,76.5,,9.0,17.0,116.4,109.2,111.8,139.1
Sachin Baby,144,115,125.2,0.0,90.7,163.8,3.0,54.0,58.0,124.5,106.0,104.4,154.9
Salman Butt,193,160,120.6,107.2,128.1,266.7,97.0,57.0,6.0,121.8,108.2,117.7,156.4
Sandeep Sharma,54,69,78.3,,80.0,77.8,,15.0,54.0,105.1,109.2,107.7,124.6
Sanvir Singh,11,9,122.2,140.0,0.0,133.3,5.0,1.0,3.0,123.5,110.7,110.7,149.3
Shahbaz Ahmed,321,272,118.0,78.3,110.1,142.2,23.0,159.0,90.0,119.5,103.4,110.8,146.2
Shahid Afridi,81,46,176.1,238.9,88.9,220.0,18.0,18.0,10.0,140.2,129.0,108.3,156.2
Shakib Al Hasan,764,615,124.2,100.0,117.1,139.9,35.0,362.0,218.0,124.1,106.8,116.0,143.0
Shashank Singh,69,47,146.8,,146.7,146.9,,15.0,32.0,131.1,109.2,116.4,149.1
Shivam Mavi,51,56,91.1,,60.0,94.1,,5.0,51.0,112.0,109.2,109.4,131.0
Shivam Sharma,5,3,166.7,,,166.7,,,3.0,124.9,109.2,111.8,150.3
Shoaib Ahmed,1,6,16.7,,50.0,0.0,,2.0,4.0,117.6,109.2,110.6,144.0
Shoaib Akhtar,2,7,28.6,,40.0,0.0,,5.0,2.0,117.4,109.2,108.4,146.9
Shoaib Malik,52,46,113.0,130.8,103.8,114.3,13.0,26.0,7.0,120.3,111.7,110.2,147.5
Shubman Gill,2750,2029,135.5,129.2,139.3,147.9,939.0,875.0,215.0,134.9,127.3,136.5,148.5
Sikandar Raza,139,98,141.8,114.3,147.4,138.2,7.0,57.0,34.0,132.6,109.5,124.8,146.9
Simarjeet Singh,7,8,87.5,,66.7,100.0,,3.0,5.0,121.0,109.2,110.5,147.4
Sohail Tanvir,36,28,128.6,162.5,110.0,120.0,8.0,10.0,10.0,124.7,113.1,111.7,147.1
Sunny Gupta,0,1,0.0,,,0.0,,,1.0,122.4,109.2,111.8,148.3
Sunny Singh,43,31,138.7,187.5,150.0,77.8,8.0,14.0,9.0,127.2,115.0,116.5,143.9
Swapnil Singh,14,24,58.3,,58.8,57.1,,17.0,7.0,111.0,109.2,104.1,143.7
T Banton,18,20,90.0,90.0,,,20.0,,,118.0,106.0,111.8,149.8
T Henderson,11,15,73.3,22.2,150.0,,9.0,6.0,,117.1,102.0,114.0,149.8
T Kohli,11,19,57.9,58.3,,57.1,12.0,,7.0,113.2,103.7,111.8,143.7
T Natarajan,3,5,60.0,,,60.0,,,5.0,120.6,109.2,111.8,145.5
T Shamsi,2,4,50.0,,,50.0,,,4.0,120.8,109.2,111.8,146.0
T Stubbs,27,35,77.1,0.0,56.2,105.9,2.0,16.0,17.0,111.6,107.1,104.2,143.4
T Taibu,31,26,119.2,,105.6,150.0,,18.0,8.0,122.7,109.2,110.9,149.8
T Thushara,12,18,66.7,,,66.7,,,18.0,115.0,109.2,111.8,137.1
TA Boult,69,62,111.3,,100.0,112.7,,7.0,55.0,118.9,109.2,111.1,136.6
TD Paine,10,26,38.5,38.5,,,26.0,,,106.1,94.6,111.8,149.8
TG Southee,120,106,113.2,,51.9,134.2,,27.0,79.0,118.3,109.2,99.1,142.9
TH David,418,234,178.6,,125.8,199.4,,66.0,168.0,162.1,109.2,117.4,180.9
TK Curran,127,107,118.7,,101.8,138.0,,57.0,50.0,121.1,109.2,108.2,145.9
TL Seifert,26,23,113.0,126.3,,50.0,19.0,,4.0,121.7,111.9,111.8,146.0
TL Suman,676,573,118.0,102.2,121.3,135.8,181.0,286.0,106.0,118.8,104.7,118.9,142.6
TM Dilshan,1148,992,115.7,112.3,104.0,174.6,430.0,448.0,114.0,116.4,111.7,105.4,163.0
TM Head,205,147,139.5,58.8,126.7,181.8,17.0,75.0,55.0,133.1,101.9,118.2,161.2
TM Srivastava,8,11,72.7,,50.0,85.7,,4.0,7.0,118.6,109.2,109.5,145.6
TR Birt,75,57,131.6,,71.4,166.7,,21.0,36.0,126.5,109.2,104.8,154.3
TS Mills,8,14,57.1,,40.0,66.7,,5.0,9.0,115.5,109.2,108.4,142.9
TU Deshpande,21,13,161.5,,,161.5,,,13.0,128.0,109.2,111.8,151.1
Tilak Varma,740,510,145.1,156.8,129.6,185.1,44.0,345.0,121.0,141.6,123.7,125.6,169.1
U Kaul,0,1,0.0,,,0.0,,,1.0,122.4,109.2,111.8,148.3
UA Birla,7,14,50.0,66.7,20.0,,9.0,5.0,,114.6,105.7,107.5,149.8
UBT Chand,300,299,100.3,84.5,107.9,166.7,142.0,139.0,18.0,106.2,94.7,109.6,152.4
UT Khawaja,127,99,128.3,144.6,80.0,,74.0,25.0,,126.0,124.3,105.5,149.8
UT Yadav,196,186,105.4,,25.0,110.9,,12.0,174.0,111.8,109.2,102.5,125.1
Umar Gul,39,19,205.3,,,205.3,,,19.0,136.7,109.2,111.8,158.7
Umran Malik,23,15,153.3,,,153.3,,,15.0,127.5,109.2,111.8,150.3
V Kohli,7122,5450,130.7,118.6,123.8,190.3,1997.0,2735.0,718.0,130.6,118.2,123.4,185.3
V Pratap Singh,0,1,0.0,,,0.0,,,1.0,122.4,109.2,111.8,148.3
V Sehwag,2702,1714,157.6,146.3,174.1,221.2,1071.0,610.0,33.0,155.7,143.1,165.3,167.5
V Shankar,1005,751,133.8,93.2,117.0,176.7,103.0,395.0,253.0,132.6,101.1,116.0,169.1
VG Arora,8,15,53.3,,,53.3,,,15.0,114.5,109.2,111.8,137.2
VH Zol,29,26,111.5,104.8,140.0,,21.0,5.0,,121.1,108.4,113.2,149.8
VR Aaron,50,71,70.4,,0.0,71.4,,1.0,70.0,101.5,109.2,110.7,117.5
VR Iyer,956,733,130.4,121.5,142.8,119.2,396.0,311.0,26.0,129.6,119.0,135.3,143.5
VRV Singh,4,3,133.3,,,133.3,,,3.0,123.9,109.2,111.8,149.3
VS Malik,7,7,100.0,,,100.0,,,7.0,122.1,109.2,111.8,146.5
VS Yeligati,2,2,100.0,,,100.0,,,2.0,123.2,109.2,111.8,148.8
VVS Laxman,282,266,106.0,100.0,126.0,50.0,187.0,73.0,6.0,110.8,103.2,117.8,144.2
VY Mahesh,15,27,55.6,,37.5,63.2,,8.0,19.0,109.2,109.2,106.3,136.0
Vijaykumar Vyshak,13,9,144.4,,,144.4,,,9.0,125.4,109.2,111.8,149.4
Virat Singh,11,12,91.7,,91.7,,,12.0,,120.2,109.2,109.7,149.8
Vishnu Vinod,56,56,100.0,47.6,136.0,120.0,21.0,25.0,10.0,115.2,98.5,116.7,147.1
Vivrant Sharma,69,47,146.8,112.5,182.6,,24.0,23.0,,131.1,109.8,125.1,149.8
W Jaffer,130,121,107.4,86.5,165.6,,89.0,32.0,,114.8,98.5,124.9,149.8
WA Mota,56,75,74.7,,68.8,85.2,,48.0,27.0,102.7,109.2,97.9,136.1
WD Parnell,65,80,81.2,78.6,62.5,84.5,14.0,8.0,58.0,104.8,105.4,108.2,125.8
WP Saha,2754,2158,127.6,133.4,110.6,155.8,925.0,887.0,346.0,127.4,131.0,110.7,154.5
WPUJC Vaas,81,72,112.5,,110.0,113.5,,20.0,52.0,119.0,109.2,111.5,137.4
Washington Sundar,378,323,117.0,70.8,87.1,144.6,24.0,124.0,175.0,118.6,101.8,98.1,146.5
X Thalaivan Sargunam,10,17,58.8,,57.1,66.7,,14.0,3.0,114.2,109.2,105.1,147.4
Y Gnaneswara Rao,19,17,111.8,115.4,100.0,,13.0,4.0,,121.9,109.9,111.4,149.8
Y Nagar,285,259,110.0,66.7,80.6,140.9,3.0,129.0,127.0,113.8,108.0,94.2,144.8
Y Prithvi Raj,0,1,0.0,,,0.0,,,1.0,122.4,109.2,111.8,148.3
Y Venugopal Rao,985,831,118.5,79.2,107.4,155.4,96.0,486.0,249.0,119.1,94.5,108.2,153.8
YA Abdulla,0,1,0.0,,,0.0,,,1.0,122.4,109.2,111.8,148.3
YBK Jaiswal,1172,784,149.5,153.4,136.3,261.1,474.0,292.0,18.0,146.6,145.7,130.1,166.8
YK Pathan,3162,2208,143.2,137.6,134.1,161.8,226.0,1286.0,696.0,142.4,128.9,132.5,160.3
YS Chahal,37,86,43.0,,17.4,52.4,,23.0,63.0,86.4,109.2,94.2,112.2
YV Dhull,16,23,69.6,22.2,100.0,,9.0,14.0,,113.5,102.0,110.4,149.8
YV Takawale,192,177,108.5,91.7,127.3,241.7,132.0,33.0,12.0,114.0,99.2,115.7,159.6
Yash Dayal,0,1,0.0,,,0.0,,,1.0,122.4,109.2,111.8,148.3
Yashpal Singh,27,47,57.4,48.6,83.3,,35.0,12.0,,102.5,93.5,108.8,149.8
Younis Khan,3,7,42.9,42.9,,,7.0,,,118.4,104.9,111.8,149.8
Yudhvir Singh,1,2,50.0,,,50.0,,,2.0,122.2,109.2,111.8,147.8
Yuvraj Singh,2696,2078,129.7,102.7,114.9,183.4,184.0,1411.0,483.0,129.4,105.0,114.7,177.6
Z Khan,117,140,83.6,0.0,31.0,100.0,3.0,29.0,108.0,100.3,106.0,93.7,123.9
