Bowler,b_runs,b_balls,b_wickets,career_economy,career_wicket_rate,eco_powerplay,eco_middle,eco_death,bballs_powerplay,bballs_middle,bballs_death,shrunk_career_eco,shrunk_eco_powerplay,shrunk_eco_middle,shrunk_eco_death
A Ashish Reddy,393,256,18,9.21,0.422,20.0,8.21,10.04,6.0,149.0,101.0,9.07,9.2,8.15,10.11
A Badoni,12,13,2,5.54,0.923,0.0,6.0,,1.0,12.0,,7.94,7.98,7.67,10.23
A Chandila,245,234,11,6.28,0.282,5.79,7.14,6.0,144.0,84.0,6.0,6.72,6.47,7.5,9.84
A Choudhary,144,101,5,8.55,0.297,7.67,8.49,10.0,36.0,41.0,24.0,8.52,7.95,8.2,10.16
A Dananjaya,47,24,0,11.75,0.0,12.0,11.67,,6.0,18.0,,9.4,8.47,8.85,10.23
A Flintoff,106,66,2,9.64,0.182,10.5,5.2,14.75,12.0,30.0,24.0,9.08,8.51,7.07,11.52
A Kumble,1089,965,49,6.77,0.305,5.0,6.8,7.8,108.0,690.0,167.0,6.87,6.11,6.9,8.44
A Mishra,4091,3287,179,7.47,0.327,7.57,7.06,9.58,138.0,2646.0,503.0,7.49,7.74,7.08,9.65
A Mithun,477,288,8,9.94,0.167,9.55,9.04,11.92,66.0,144.0,78.0,9.68,8.87,8.73,11.18
A Nehra,2506,1884,120,7.98,0.382,7.61,7.43,9.05,1075.0,282.0,526.0,7.99,7.64,7.53,9.17
A Nel,31,18,1,10.33,0.333,12.0,11.0,8.0,6.0,6.0,6.0,8.89,8.47,8.27,10.02
A Nortje,1279,898,55,8.55,0.367,8.16,8.62,8.92,378.0,158.0,362.0,8.54,8.15,8.45,9.11
A Singh,639,473,31,8.11,0.393,7.0,7.38,10.14,264.0,48.0,161.0,8.15,7.21,7.72,10.16
A Symonds,694,527,23,7.9,0.262,5.79,7.95,10.63,114.0,330.0,83.0,7.96,6.59,7.96,10.46
A Uniyal,67,36,3,11.17,0.5,11.0,18.0,9.0,12.0,6.0,18.0,9.48,8.6,8.91,9.94
A Zampa,509,395,29,7.73,0.441,6.86,7.6,8.79,42.0,282.0,71.0,7.83,7.6,7.67,9.45
AA Chavan,339,248,8,8.2,0.194,6.83,9.53,13.71,144.0,90.0,14.0,8.25,7.21,8.92,10.88
AA Jhunjhunwala,130,85,1,9.18,0.071,9.4,9.0,12.0,30.0,54.0,1.0,8.88,8.54,8.47,10.25
AA Kazi,21,12,1,10.5,0.5,,10.5,,,12.0,,8.8,8.12,8.42,10.23
AA Noffke,41,24,1,10.25,0.25,23.0,7.0,5.5,6.0,6.0,12.0,8.97,9.47,7.91,9.44
AB Agarkar,1160,776,33,8.97,0.255,9.69,8.11,10.25,174.0,420.0,182.0,8.93,9.29,8.1,10.24
AB Dinda,2064,1498,82,8.27,0.328,7.44,6.42,11.17,798.0,288.0,412.0,8.28,7.49,6.69,11.05
AB McDonald,246,174,13,8.48,0.448,9.14,7.71,10.2,42.0,102.0,30.0,8.47,8.54,7.82,10.22
AC Gilchrist,0,1,1,0.0,6.0,,,0.0,,,1.0,8.32,8.12,8.0,10.06
AC Thomas,399,297,16,8.06,0.323,6.63,6.75,10.43,162.0,24.0,111.0,8.13,7.03,7.64,10.36
AC Voges,76,54,1,8.44,0.111,13.0,7.5,5.0,12.0,36.0,6.0,8.45,8.93,7.81,9.75
AD Mascarenhas,335,284,18,7.08,0.38,7.2,6.28,9.69,150.0,108.0,26.0,7.32,7.46,6.89,10.06
AD Mathews,1095,791,28,8.31,0.212,8.81,8.06,8.71,126.0,510.0,155.0,8.32,8.59,8.05,9.13
AD Russell,2329,1491,105,9.37,0.423,8.55,8.73,10.95,383.0,646.0,462.0,9.33,8.49,8.67,10.87
AF Milne,339,207,9,9.83,0.261,10.0,9.78,9.58,96.0,54.0,57.0,9.52,9.28,8.84,9.91
AG Murtaza,322,264,12,7.32,0.273,4.0,8.0,13.5,78.0,162.0,24.0,7.53,5.79,8.0,11.16
AJ Finch,67,43,1,9.35,0.14,3.0,11.6,5.14,6.0,30.0,7.0,8.83,7.65,9.2,9.69
AJ Hosein,41,24,1,10.25,0.25,10.33,10.0,,18.0,6.0,,8.97,8.63,8.18,10.23
AJ Tye,996,678,48,8.81,0.425,8.1,8.29,9.65,186.0,204.0,288.0,8.78,8.1,8.22,9.75
AK Markram,158,109,2,8.7,0.11,7.0,9.38,6.0,30.0,78.0,1.0,8.61,7.74,8.78,10.16
AL Menaria,144,110,3,7.85,0.164,6.88,5.86,14.4,48.0,42.0,20.0,8.07,7.57,7.12,11.27
AM Nayar,323,229,9,8.46,0.236,10.0,8.41,9.0,6.0,217.0,6.0,8.46,8.29,8.32,10.11
AM Rahane,5,6,1,5.0,1.0,,5.0,,,6.0,,8.15,8.12,7.73,10.23
AM Salvi,205,150,7,8.2,0.28,7.64,8.33,9.2,66.0,54.0,30.0,8.27,7.87,8.16,9.88
AN Ahmed,515,344,15,8.98,0.262,8.35,7.68,11.54,138.0,114.0,92.0,8.9,8.28,7.79,11.02
AP Dole,114,66,5,10.36,0.455,12.4,7.5,11.0,30.0,24.0,12.0,9.46,9.54,7.86,10.35
AR Patel,3406,2763,115,7.4,0.25,7.52,7.06,9.28,486.0,1955.0,322.0,7.42,7.59,7.09,9.43
AS Joseph,584,376,21,9.32,0.335,9.87,9.2,9.06,90.0,180.0,106.0,9.2,9.17,8.9,9.48
AS Rajpoot,844,529,24,9.57,0.272,9.31,8.52,11.88,270.0,157.0,102.0,9.46,9.09,8.38,11.27
AS Raut,45,30,0,9.0,0.0,,10.67,6.5,,18.0,12.0,8.64,8.12,8.62,9.6
AS Roy,131,102,5,7.71,0.294,8.0,7.77,6.0,18.0,78.0,6.0,7.99,8.09,7.87,9.84
AU Rashid,91,60,2,9.1,0.2,,9.0,10.0,,54.0,6.0,8.78,8.12,8.47,10.2
AUK Pathan,63,39,0,9.69,0.0,,8.75,11.2,,24.0,15.0,8.94,8.12,8.21,10.42
Abdul Samad,113,54,2,12.56,0.222,,11.62,20.0,,48.0,6.0,10.4,8.12,9.61,11.11
Abdur Razzak,29,12,0,14.5,0.0,,14.5,,,12.0,,9.47,8.12,9.08,10.23
Abhishek Sharma,331,222,9,8.95,0.243,7.33,8.34,21.0,18.0,192.0,12.0,8.85,7.93,8.26,12.02
Akash Deep,269,143,7,11.29,0.294,10.0,10.0,18.0,42.0,78.0,23.0,10.45,8.89,9.13,12.38
Akash Madhwal,222,153,16,8.71,0.627,7.2,10.11,8.26,30.0,54.0,69.0,8.64,7.81,9.0,9.17
Akash Singh,227,138,5,9.87,0.217,9.53,9.5,13.5,102.0,24.0,12.0,9.44,9.01,8.43,10.77
Aman Hakim Khan,13,6,0,13.0,0.0,,13.0,,,6.0,,8.87,8.12,8.45,10.23
Anand Rajan,206,149,10,8.3,0.403,6.71,7.18,11.71,42.0,66.0,41.0,8.35,7.54,7.57,10.83
Ankit Sharma,436,355,12,7.37,0.203,6.17,7.66,11.76,138.0,192.0,25.0,7.53,6.76,7.74,10.68
Ankit Soni,129,85,2,9.11,0.141,,8.93,24.0,,84.0,1.0,8.84,8.12,8.54,10.45
Anureet Singh,559,364,18,9.21,0.297,7.5,9.78,10.88,144.0,108.0,112.0,9.1,7.68,9.14,10.65
Arjun Tendulkar,95,59,4,9.66,0.407,6.71,12.0,19.64,42.0,6.0,11.0,9.05,7.54,8.36,11.68
Arshad Khan,192,85,5,13.55,0.353,12.86,10.67,16.8,42.0,18.0,25.0,11.44,10.07,8.62,12.16
Arshdeep Singh,1547,1044,62,8.89,0.356,8.91,8.71,8.97,462.0,204.0,378.0,8.87,8.82,8.55,9.14
Avesh Khan,1443,982,56,8.82,0.342,8.7,7.49,9.74,414.0,210.0,358.0,8.8,8.63,7.6,9.81
Azhar Mahmood,707,537,31,7.9,0.346,6.79,6.61,9.83,144.0,186.0,207.0,7.96,7.18,6.95,9.92
B Akhil,246,188,7,7.85,0.223,12.0,6.5,10.92,6.0,132.0,50.0,8.0,8.47,6.97,10.54
B Chipli,20,6,0,20.0,0.0,,20.0,,,6.0,,9.51,8.12,9.09,10.23
B Geeves,91,48,2,11.38,0.25,12.5,10.33,10.0,24.0,18.0,6.0,9.76,9.37,8.54,10.2
B Kumar,4467,3544,183,7.56,0.31,6.29,8.28,9.25,1901.0,368.0,1275.0,7.57,6.35,8.24,9.29
B Laughlin,284,168,10,10.14,0.357,10.17,8.16,11.83,36.0,61.0,71.0,9.7,8.89,8.08,11.09
B Lee,1126,875,30,7.72,0.206,7.16,6.23,8.97,486.0,78.0,311.0,7.77,7.26,7.0,9.17
B Stanlake,200,144,7,8.33,0.292,7.93,8.67,11.0,84.0,54.0,6.0,8.37,8.01,8.32,10.3
BA Bhatt,408,296,13,8.27,0.264,7.25,8.5,9.33,96.0,137.0,63.0,8.3,7.58,8.35,9.77
BA Stokes,1023,689,31,8.91,0.27,9.35,7.81,10.12,186.0,299.0,204.0,8.87,9.05,7.84,10.14
BAW Mendis,268,216,7,7.44,0.194,5.44,7.83,8.67,54.0,108.0,54.0,7.66,6.85,7.89,9.49
BB Sran,743,471,20,9.46,0.255,9.25,9.61,9.72,216.0,168.0,87.0,9.35,9.0,9.19,9.93
BCJ Cutting,430,281,12,9.18,0.256,9.71,7.91,11.61,42.0,163.0,76.0,9.05,8.77,7.93,11.0
BE Hendricks,239,150,11,9.56,0.44,10.8,8.5,8.89,60.0,36.0,54.0,9.25,9.46,8.19,9.59
BJ Hodge,310,234,18,7.95,0.462,9.33,7.7,7.67,36.0,180.0,18.0,8.05,8.57,7.78,9.64
BJ Rohrer,12,6,0,12.0,0.0,,12.0,,,6.0,,8.78,8.12,8.36,10.23
BMAJ Mendis,36,30,1,7.2,0.2,,7.2,,,30.0,,8.04,8.12,7.73,10.23
BW Hilfenhaus,497,372,23,8.02,0.371,6.5,9.0,11.44,240.0,36.0,96.0,8.08,6.82,8.38,10.97
Basil Thampi,743,449,21,9.93,0.281,9.33,8.67,11.96,144.0,162.0,143.0,9.76,8.97,8.49,11.45
Bipul Sharma,581,426,22,8.18,0.31,6.24,7.89,15.18,74.0,318.0,34.0,8.21,7.08,7.91,12.02
C Ganapathy,13,6,0,13.0,0.0,,13.0,,,6.0,,8.87,8.12,8.45,10.23
C Green,370,228,8,9.74,0.211,9.2,8.2,13.62,90.0,90.0,48.0,9.47,8.77,8.12,11.73
C Munro,15,12,0,7.5,0.0,,7.5,,,12.0,,8.3,8.12,7.92,10.23
C Nanda,58,48,2,7.25,0.25,,7.14,8.0,,42.0,6.0,7.92,8.12,7.65,10.02
C Sakariya,610,426,20,8.59,0.282,6.65,8.79,11.29,186.0,114.0,126.0,8.57,7.01,8.52,10.95
C de Grandhomme,323,216,7,8.97,0.194,6.5,8.84,12.86,12.0,190.0,14.0,8.86,7.85,8.64,10.72
CH Gayle,719,518,19,8.33,0.22,8.45,7.6,9.56,120.0,258.0,140.0,8.34,8.34,7.68,9.76
CH Morris,2289,1672,103,8.21,0.37,7.94,7.71,8.82,654.0,390.0,628.0,8.22,7.95,7.75,8.94
CJ Anderson,525,297,14,10.61,0.283,10.23,8.83,13.7,71.0,138.0,88.0,10.25,9.26,8.58,12.29
CJ Dala,34,18,0,11.33,0.0,17.0,8.5,,6.0,12.0,,9.12,8.92,8.08,10.23
CJ Green,24,17,0,8.47,0.0,8.0,,9.6,12.0,,5.0,8.46,8.1,8.0,10.18
CJ Jordan,1012,626,33,9.7,0.316,9.78,8.08,11.15,138.0,234.0,254.0,9.59,9.28,8.06,10.97
CJ McKay,60,42,1,8.57,0.143,13.0,4.67,10.0,12.0,18.0,12.0,8.51,8.93,7.23,10.19
CK Kapugedera,49,17,0,17.29,0.0,,18.55,15.0,,11.0,6.0,10.41,8.12,9.63,10.66
CK Langeveldt,199,156,13,7.65,0.5,7.07,9.25,7.88,84.0,24.0,48.0,7.88,7.51,8.36,9.18
CL White,86,42,1,12.29,0.143,,12.29,,,42.0,,10.04,8.12,9.77,10.23
CR Brathwaite,384,254,16,9.07,0.378,7.75,8.9,10.18,24.0,174.0,56.0,8.95,8.01,8.67,10.2
CR Woakes,674,440,31,9.19,0.423,9.22,6.75,11.01,162.0,120.0,158.0,9.1,8.92,7.17,10.79
CRD Fernando,306,234,19,7.85,0.487,6.92,7.0,9.43,78.0,72.0,84.0,7.97,7.44,7.45,9.76
CV Varun,1599,1264,63,7.59,0.299,7.65,7.28,8.65,276.0,780.0,208.0,7.63,7.73,7.33,9.0
D Brevis,8,3,1,16.0,2.0,,,16.0,,,3.0,8.82,8.12,8.0,10.5
D Jansen,53,24,1,13.25,0.25,16.0,13.0,12.0,6.0,6.0,12.0,9.83,8.83,8.45,10.52
D Kalyankrishna,88,48,2,11.0,0.25,,10.14,17.0,,42.0,6.0,9.59,8.12,8.88,10.84
D Pretorius,242,150,7,9.68,0.28,,7.15,12.42,,78.0,72.0,9.33,8.12,7.52,11.42
D Salunkhe,80,47,1,10.21,0.128,,10.68,7.0,,41.0,6.0,9.23,8.12,9.09,9.93
D Wiese,408,272,17,9.0,0.375,7.27,9.08,10.82,66.0,150.0,56.0,8.9,7.67,8.77,10.51
D du Preez,56,42,4,8.0,0.571,4.0,9.33,16.0,18.0,18.0,6.0,8.27,7.17,8.31,10.75
DA Warner,2,1,0,12.0,0.0,,12.0,,,1.0,,8.52,8.12,8.07,10.23
DAJ Bracewell,32,24,3,8.0,0.75,7.0,7.5,10.0,6.0,12.0,6.0,8.33,8.01,7.92,10.2
DB Ravi Teja,28,18,1,9.33,0.333,,9.33,,,18.0,,8.66,8.12,8.31,10.23
DE Bollinger,716,576,43,7.46,0.448,7.48,5.67,7.56,324.0,18.0,234.0,7.55,7.58,7.46,8.1
DG Nalkande,104,55,3,11.35,0.327,11.0,10.86,36.0,12.0,42.0,1.0,9.84,8.6,9.18,10.65
DJ Bravo,4436,3120,207,8.53,0.398,8.03,7.7,9.51,228.0,1507.0,1385.0,8.53,8.05,7.71,9.54
DJ Harris,26,18,0,8.67,0.0,,8.0,10.0,,12.0,6.0,8.51,8.12,8.0,10.2
DJ Hooda,468,331,9,8.48,0.163,8.0,7.89,12.97,72.0,222.0,37.0,8.48,8.05,7.91,11.27
DJ Hussey,485,317,10,9.18,0.189,9.67,8.16,13.25,36.0,228.0,53.0,9.07,8.7,8.13,11.64
DJ Mitchell,27,12,0,13.5,0.0,,13.5,,,12.0,,9.3,8.12,8.92,10.23
DJ Muthuswami,108,84,4,7.71,0.286,8.25,8.0,1.0,72.0,6.0,6.0,8.02,8.19,8.0,9.39
DJ Thornely,40,42,3,5.71,0.429,,5.71,,,42.0,,7.33,8.12,7.06,10.23
DJ Willey,277,216,7,7.69,0.194,6.74,8.29,10.67,138.0,42.0,36.0,7.86,7.16,8.12,10.39
DJG Sammy,354,236,14,9.0,0.356,8.5,7.7,13.44,24.0,162.0,50.0,8.89,8.23,7.78,11.69
DJM Short,23,18,1,7.67,0.333,,8.12,0.0,,17.0,1.0,8.28,8.12,8.03,10.06
DL Chahar,2000,1504,74,7.98,0.295,7.94,7.66,8.69,1165.0,192.0,147.0,8.0,7.95,7.74,9.13
DL Vettori,894,777,34,6.9,0.263,6.53,6.59,8.11,90.0,522.0,165.0,7.01,7.16,6.74,8.67
DNT Zoysa,100,66,2,9.09,0.182,7.5,10.5,11.33,36.0,12.0,18.0,8.79,7.88,8.42,10.48
DP Nannes,815,646,38,7.57,0.353,6.61,7.83,9.01,342.0,95.0,209.0,7.65,6.83,7.9,9.28
DP Vijaykumar,205,152,4,8.09,0.158,7.41,6.0,12.69,102.0,24.0,26.0,8.19,7.67,7.43,10.97
DR Sams,528,360,15,8.8,0.25,7.13,8.58,13.73,180.0,114.0,66.0,8.75,7.38,8.38,12.06
DR Smith,825,539,27,9.18,0.301,11.18,8.21,12.85,66.0,402.0,71.0,9.11,9.72,8.18,11.65
DS Kulkarni,2473,1763,90,8.42,0.306,7.6,8.82,10.35,1006.0,419.0,338.0,8.42,7.63,8.72,10.33
DT Christian,1218,883,40,8.28,0.272,8.6,7.09,10.78,180.0,492.0,211.0,8.29,8.48,7.19,10.66
DW Steyn,2531,2152,104,7.06,0.29,6.42,6.74,8.41,1122.0,408.0,622.0,7.1,6.51,6.9,8.57
F du Plessis,16,6,0,16.0,0.0,,,16.0,,,6.0,9.15,8.12,8.0,10.75
FA Allen,136,90,2,9.07,0.133,10.67,8.67,,18.0,72.0,,8.83,8.7,8.37,10.23
FH Edwards,160,140,6,6.86,0.257,4.69,7.0,10.2,78.0,12.0,50.0,7.34,6.18,7.83,10.21
FY Fazal,20,12,1,10.0,0.5,,,10.0,,,12.0,8.72,8.12,8.0,10.19
Fazalhaq Farooqi,229,152,6,9.04,0.237,7.83,8.0,13.31,72.0,48.0,32.0,8.88,7.96,8.0,11.3
GB Hogg,585,458,25,7.66,0.328,6.75,7.74,7.89,48.0,318.0,92.0,7.75,7.51,7.78,8.81
GC Viljoen,229,138,8,9.96,0.348,9.17,8.2,13.14,36.0,60.0,42.0,9.51,8.51,8.1,11.43
GD McGrath,366,324,14,6.78,0.259,5.89,7.0,9.23,222.0,24.0,78.0,7.04,6.36,7.71,9.66
GD Phillips,40,30,2,8.0,0.4,4.0,9.0,,6.0,24.0,,8.31,7.74,8.29,10.23
GH Vihari,43,36,0,7.17,0.0,9.67,4.67,,18.0,18.0,,7.98,8.47,7.23,10.23
GHS Garton,136,90,3,9.07,0.2,10.8,5.5,5.67,60.0,12.0,18.0,8.83,9.46,7.58,9.17
GJ Maxwell,1143,818,34,8.38,0.249,9.0,8.11,9.11,186.0,576.0,56.0,8.39,8.78,8.1,9.69
GR Napier,28,24,1,7.0,0.25,3.0,8.33,,6.0,18.0,,8.04,7.65,8.08,10.23
GS Sandhu,86,48,1,10.75,0.125,7.0,9.67,12.5,6.0,18.0,24.0,9.48,8.01,8.39,10.88
Gagandeep Singh,142,84,3,10.14,0.214,7.0,7.89,16.0,6.0,54.0,24.0,9.44,8.01,7.95,11.88
Gurkeerat Singh,97,78,5,7.46,0.385,9.5,7.09,,12.0,66.0,,7.89,8.35,7.52,10.23
Gurnoor Brar,42,18,0,14.0,0.0,9.0,24.0,,12.0,6.0,,9.74,8.26,9.45,10.23
H Sharma,33,18,0,11.0,0.0,,11.0,,,18.0,,9.05,8.12,8.69,10.23
HF Gurney,239,162,7,8.85,0.259,6.0,8.86,12.33,66.0,42.0,54.0,8.74,7.01,8.35,11.22
HH Pandya,1787,1190,55,9.01,0.277,9.07,8.19,11.23,324.0,640.0,226.0,8.98,8.92,8.17,11.02
HR Shokeen,320,204,5,9.41,0.147,7.44,9.54,24.0,54.0,144.0,6.0,9.19,7.8,9.09,11.48
HV Patel,2658,1819,117,8.77,0.386,9.04,7.89,9.98,270.0,936.0,613.0,8.76,8.87,7.9,10.0
Harbhajan Singh,4078,3392,160,7.21,0.283,7.19,7.09,8.33,767.0,2352.0,273.0,7.23,7.26,7.11,8.67
Harmeet Singh,747,549,31,8.16,0.339,9.19,7.83,8.23,96.0,324.0,129.0,8.19,8.78,7.86,8.86
Harpreet Brar,598,451,18,7.96,0.239,9.8,7.07,12.0,90.0,330.0,31.0,8.02,9.13,7.21,10.83
Harshit Rana,205,132,7,9.32,0.318,8.75,8.8,21.0,96.0,30.0,6.0,9.05,8.51,8.27,11.2
I Malhotra,23,6,0,23.0,0.0,,23.0,,,6.0,,9.78,8.12,9.36,10.23
I Sharma,2924,2099,79,8.36,0.226,7.37,8.67,11.36,1335.0,360.0,404.0,8.36,7.4,8.57,11.21
I Udana,241,150,6,9.64,0.24,11.86,9.0,8.56,42.0,54.0,54.0,9.3,9.66,8.47,9.44
IC Pandey,609,462,19,7.91,0.247,7.09,8.52,11.17,264.0,162.0,36.0,7.97,7.28,8.38,10.58
IC Porel,42,24,1,10.5,0.25,13.0,8.0,,12.0,12.0,,9.04,8.93,8.0,10.23
IK Pathan,2621,1989,96,7.91,0.29,7.18,7.76,9.49,900.0,618.0,471.0,7.93,7.24,7.78,9.57
IS Sodhi,204,181,9,6.76,0.298,8.5,6.63,6.86,12.0,162.0,7.0,7.18,8.18,7.0,9.87
Imran Tahir,1729,1316,86,7.88,0.392,9.44,7.34,9.21,54.0,941.0,321.0,7.91,8.74,7.38,9.37
Iqbal Abdulla,1107,908,45,7.31,0.297,6.31,7.51,8.72,270.0,519.0,119.0,7.38,6.64,7.56,9.22
J Botha,818,694,27,7.07,0.233,8.0,6.42,7.81,192.0,396.0,106.0,7.18,8.03,6.63,8.68
J Little,296,204,9,8.71,0.265,8.0,8.43,10.0,66.0,84.0,54.0,8.65,8.05,8.25,10.12
J Suchith,583,396,19,8.83,0.288,9.55,8.51,13.5,66.0,318.0,12.0,8.78,8.87,8.43,10.77
J Syed Mohammad,273,180,10,9.1,0.333,4.67,9.42,11.0,18.0,144.0,18.0,8.94,7.32,9.0,10.4
J Theron,283,192,8,8.84,0.25,9.44,6.75,9.6,54.0,48.0,90.0,8.75,8.74,7.44,9.85
J Yadav,445,384,9,6.95,0.141,7.81,6.29,7.33,156.0,210.0,18.0,7.15,7.89,6.67,9.56
JA Morkel,2386,1699,93,8.43,0.328,8.74,7.11,9.59,888.0,492.0,319.0,8.43,8.7,7.21,9.69
JA Richardson,122,66,3,11.09,0.273,10.25,10.8,13.5,24.0,30.0,12.0,9.84,8.73,8.93,10.77
JC Archer,1210,945,49,7.68,0.311,5.95,7.1,9.82,396.0,180.0,369.0,7.73,6.23,7.32,9.88
JD Ryder,314,236,11,7.98,0.28,7.71,7.36,12.92,7.0,203.0,26.0,8.08,8.07,7.51,11.04
JD Unadkat,2841,1890,95,9.02,0.302,7.61,8.57,11.24,702.0,618.0,570.0,9.0,7.65,8.52,11.14
JDP Oram,362,237,13,9.16,0.329,9.61,8.67,8.88,108.0,54.0,75.0,9.02,9.08,8.32,9.48
JDS Neesham,342,216,8,9.5,0.222,11.33,8.36,20.0,36.0,168.0,12.0,9.27,9.32,8.27,11.85
JE Root,15,12,0,7.5,0.0,,7.5,,,12.0,,8.3,8.12,7.92,10.23
JE Taylor,167,117,6,8.56,0.308,6.38,6.67,11.29,48.0,18.0,51.0,8.53,7.34,7.69,10.71
JEC Franklin,225,151,9,8.94,0.358,10.0,8.5,10.5,12.0,115.0,24.0,8.8,8.43,8.33,10.3
JH Kallis,2344,1736,74,8.1,0.256,7.44,7.58,10.28,516.0,860.0,360.0,8.11,7.51,7.61,10.27
JJ Bumrah,3334,2646,149,7.56,0.338,6.92,6.84,8.51,876.0,672.0,1098.0,7.58,7.0,6.94,8.6
JJ van der Wath,134,72,3,11.17,0.25,8.2,14.67,12.25,30.0,18.0,24.0,9.94,8.14,9.54,10.8
JL Pattinson,270,189,11,8.57,0.349,8.8,8.91,7.27,90.0,66.0,33.0,8.54,8.53,8.48,9.18
JM Kemp,57,43,3,7.95,0.419,,8.0,6.0,,42.0,1.0,8.25,8.12,8.0,10.16
JO Holder,1489,995,59,8.98,0.356,8.95,8.14,9.97,348.0,345.0,302.0,8.95,8.83,8.12,10.01
JP Behrendorff,563,366,22,9.23,0.361,8.43,9.0,12.7,240.0,66.0,60.0,9.12,8.37,8.52,11.46
JP Duminy,847,678,23,7.5,0.204,7.7,7.17,9.67,162.0,462.0,54.0,7.58,7.81,7.27,9.96
JP Faulkner,1702,1143,66,8.93,0.346,7.81,8.4,10.26,324.0,388.0,431.0,8.91,7.86,8.35,10.26
JPR Scantlebury-Searles,89,42,2,12.71,0.286,13.0,11.2,20.0,6.0,30.0,6.0,10.21,8.56,9.07,11.11
JR Hazlewood,830,603,36,8.26,0.358,7.56,7.36,10.22,354.0,84.0,165.0,8.28,7.64,7.63,10.22
JR Hopes,562,360,14,9.37,0.233,8.67,8.21,12.0,18.0,234.0,108.0,9.24,8.24,8.17,11.37
JW Hastings,66,58,3,6.83,0.31,8.33,3.5,5.4,36.0,12.0,10.0,7.66,8.2,7.25,9.54
Jalaj S Saxena,27,18,0,9.0,0.0,10.0,8.5,,6.0,12.0,,8.58,8.29,8.08,10.23
Jaskaran Singh,174,102,6,10.24,0.353,7.57,9.2,15.0,42.0,30.0,30.0,9.58,7.89,8.4,11.82
Joginder Sharma,421,256,13,9.87,0.305,12.0,8.9,12.23,24.0,180.0,52.0,9.6,9.23,8.68,11.16
K Goel,94,66,0,8.55,0.0,,8.55,,,66.0,,8.51,8.12,8.29,10.23
K Gowtham,756,552,22,8.22,0.239,8.44,7.6,12.75,258.0,270.0,24.0,8.24,8.38,7.67,10.95
K Kartikeya,334,234,10,8.56,0.256,18.0,7.85,12.25,6.0,204.0,24.0,8.54,9.01,7.88,10.8
K Khejroliya,203,115,5,10.59,0.261,11.5,9.0,12.97,24.0,60.0,31.0,9.86,9.08,8.5,11.16
K Rabada,2159,1500,108,8.64,0.432,8.37,7.43,9.81,630.0,360.0,510.0,8.63,8.35,7.51,9.85
K Santokie,91,48,3,11.38,0.375,10.33,5.0,13.75,18.0,6.0,24.0,9.76,8.63,7.73,11.23
K Upadhyay,81,54,0,9.0,0.0,9.83,7.33,,36.0,18.0,,8.72,8.76,7.85,10.23
K Yadav,85,54,2,9.44,0.222,8.67,7.75,14.0,18.0,24.0,12.0,8.92,8.24,7.93,10.85
KA Jamieson,271,168,9,9.68,0.321,8.94,7.4,13.67,102.0,30.0,36.0,9.36,8.63,7.8,11.52
KA Pollard,2161,1470,81,8.82,0.331,10.33,8.16,10.86,36.0,1103.0,331.0,8.81,8.95,8.15,10.76
KAJ Roach,80,48,0,10.0,0.0,6.67,8.0,14.67,18.0,12.0,18.0,9.14,7.78,8.0,11.25
KC Cariappa,349,216,8,9.69,0.222,10.83,9.63,8.0,36.0,162.0,18.0,9.42,9.13,9.19,9.71
KH Pandya,2314,1846,69,7.52,0.224,7.71,7.41,7.83,474.0,1218.0,154.0,7.55,7.76,7.44,8.5
KJ Abbott,182,96,2,11.38,0.125,10.43,11.2,13.25,42.0,30.0,24.0,10.26,9.07,9.07,11.09
KK Ahmed,1340,928,58,8.66,0.375,7.94,8.34,10.16,468.0,192.0,268.0,8.65,7.96,8.26,10.17
KK Cooper,789,576,36,8.22,0.375,7.19,7.56,9.14,96.0,216.0,264.0,8.24,7.55,7.66,9.34
KL Nagarkoti,287,180,5,9.57,0.167,9.0,9.2,11.6,30.0,120.0,30.0,9.29,8.41,8.8,10.68
KM Asif,232,133,7,10.47,0.316,10.14,8.73,15.6,42.0,66.0,25.0,9.85,8.95,8.38,11.81
KMA Paul,239,163,10,8.8,0.368,16.0,8.06,9.55,6.0,108.0,49.0,8.71,8.83,8.04,9.92
KMDN Kulasekara,122,102,6,7.18,0.353,7.45,8.0,6.4,66.0,6.0,30.0,7.65,7.77,8.0,8.95
KP Appanna,291,216,11,8.08,0.306,9.33,7.65,13.0,18.0,186.0,12.0,8.16,8.4,7.74,10.69
KP Pietersen,218,174,9,7.52,0.31,7.0,7.18,9.75,18.0,132.0,24.0,7.76,7.86,7.44,10.09
KR Mayers,59,42,0,8.43,0.0,7.17,16.0,,36.0,6.0,,8.45,7.76,8.73,10.23
KR Sen,269,169,8,9.55,0.284,7.4,8.75,12.84,30.0,96.0,43.0,9.26,7.88,8.46,11.32
KS Williamson,31,18,0,10.33,0.0,7.0,12.0,,6.0,12.0,,8.89,8.01,8.67,10.23
KV Sharma,1874,1351,75,8.32,0.333,7.38,8.19,11.32,156.0,1098.0,97.0,8.33,7.58,8.18,10.9
KW Richardson,451,311,19,8.7,0.367,7.31,8.56,10.93,156.0,54.0,101.0,8.66,7.53,8.27,10.67
Kamran Khan,212,136,9,9.35,0.397,9.08,8.2,11.36,78.0,30.0,28.0,9.08,8.66,8.07,10.59
Karanveer Singh,323,204,14,9.5,0.412,13.0,8.71,13.25,12.0,168.0,24.0,9.26,8.93,8.52,11.09
Kartik Tyagi,668,398,16,10.07,0.241,11.0,8.74,10.5,144.0,138.0,116.0,9.86,10.15,8.52,10.41
Kuldeep Yadav,1977,1446,71,8.2,0.295,7.56,8.14,8.72,54.0,1178.0,214.0,8.21,7.85,8.13,9.05
L Ablish,76,42,5,10.86,0.714,13.0,16.0,6.0,12.0,12.0,18.0,9.45,8.93,9.33,9.25
L Balaji,2053,1488,83,8.28,0.335,7.19,7.2,10.44,444.0,548.0,496.0,8.29,7.3,7.28,10.42
L Ngidi,460,324,28,8.52,0.519,7.36,7.6,10.09,132.0,60.0,132.0,8.51,7.6,7.8,10.13
LA Carseldine,6,6,1,6.0,1.0,6.0,,,6.0,,,8.24,7.92,8.0,10.23
LE Plunkett,228,150,4,9.12,0.16,10.29,8.5,8.88,42.0,60.0,48.0,8.93,9.01,8.25,9.63
LH Ferguson,1135,763,41,8.93,0.322,8.31,8.0,10.72,216.0,312.0,235.0,8.9,8.27,8.0,10.62
LI Meriwala,32,18,1,10.67,0.333,14.0,4.0,,12.0,6.0,,8.97,9.1,7.64,10.23
LJ Wright,125,71,2,10.56,0.169,12.0,9.71,11.74,6.0,42.0,23.0,9.6,8.47,8.7,10.64
LMP Simmons,34,18,1,11.33,0.333,,10.0,12.0,,6.0,12.0,9.12,8.12,8.18,10.52
LPC Silva,21,6,0,21.0,0.0,,,21.0,,,6.0,9.6,8.12,8.0,11.2
LR Shukla,458,314,17,8.75,0.325,11.77,8.14,9.38,26.0,210.0,78.0,8.7,9.22,8.11,9.75
LRPL Taylor,24,12,0,12.0,0.0,,12.0,,,12.0,,9.05,8.12,8.67,10.23
LS Livingstone,309,186,8,9.97,0.258,5.0,10.3,10.5,12.0,162.0,12.0,9.6,7.6,9.68,10.27
Lalit Yadav,373,270,11,8.29,0.244,7.54,8.18,11.5,78.0,168.0,24.0,8.32,7.79,8.13,10.59
M Ashwin,1150,852,35,8.1,0.246,9.47,7.72,9.05,90.0,636.0,126.0,8.12,8.93,7.74,9.43
M Jansen,598,390,20,9.2,0.308,8.37,10.18,13.0,258.0,102.0,30.0,9.1,8.32,9.37,11.15
M Kartik,1390,1125,38,7.41,0.203,7.21,7.3,8.28,173.0,810.0,142.0,7.46,7.44,7.35,8.86
M Manhas,42,42,0,6.0,0.0,,5.84,7.2,,37.0,5.0,7.45,8.12,7.18,9.99
M Markande,822,588,29,8.39,0.296,,8.24,9.38,,510.0,78.0,8.4,8.12,8.21,9.75
M Morkel,2063,1581,85,7.83,0.323,7.21,7.69,9.38,876.0,327.0,378.0,7.85,7.27,7.74,9.5
M Muralitharan,1714,1476,62,6.97,0.252,6.38,6.71,8.32,144.0,1063.0,269.0,7.03,6.89,6.78,8.67
M Ntini,257,210,8,7.34,0.229,7.0,7.33,8.83,156.0,18.0,36.0,7.59,7.31,7.85,9.7
M Pathirana,420,299,23,8.43,0.462,,8.0,8.72,,120.0,179.0,8.44,8.12,8.0,9.1
M Prasidh Krishna,1698,1121,53,9.09,0.284,8.13,8.68,10.6,516.0,219.0,386.0,9.06,8.13,8.53,10.55
M Theekshana,631,480,21,7.89,0.262,8.57,7.89,6.69,168.0,216.0,96.0,7.95,8.45,7.91,8.05
M Vijay,49,36,0,8.17,0.0,8.0,8.2,,6.0,30.0,,8.35,8.1,8.07,10.23
M de Lange,171,108,6,9.5,0.333,8.2,9.67,12.0,60.0,18.0,30.0,9.13,8.16,8.39,10.82
MA Khote,52,30,2,10.4,0.4,,9.33,12.0,,18.0,12.0,9.11,8.12,8.31,10.52
MA Starc,690,556,39,7.45,0.421,7.17,7.71,7.74,282.0,84.0,190.0,7.55,7.34,7.83,8.34
MA Wood,192,120,11,9.6,0.55,10.0,5.57,12.56,24.0,42.0,54.0,9.22,8.65,7.0,11.33
MB Parmar,33,18,0,11.0,0.0,14.0,9.5,,6.0,12.0,,9.05,8.65,8.25,10.23
MC Henriques,1287,932,44,8.29,0.283,8.59,7.98,9.73,185.0,649.0,98.0,8.3,8.47,7.98,9.92
MF Maharoof,532,420,33,7.6,0.471,7.61,6.56,9.12,168.0,150.0,102.0,7.71,7.74,6.97,9.53
MG Bracewell,95,66,6,8.64,0.545,6.5,9.11,,12.0,54.0,,8.55,7.85,8.53,10.23
MG Johnson,1701,1208,63,8.45,0.313,8.0,8.18,9.65,606.0,306.0,296.0,8.45,8.01,8.15,9.75
MG Neser,62,24,0,15.5,0.0,18.0,11.0,16.5,6.0,6.0,12.0,10.47,9.01,8.27,11.27
MJ Clarke,72,66,3,6.55,0.273,,6.3,9.0,,60.0,6.0,7.46,8.12,7.15,10.11
MJ Henry,71,30,2,14.2,0.4,12.0,1.0,17.0,18.0,0.0,12.0,10.37,9.01,8.0,11.35
MJ McClenaghan,1789,1250,75,8.59,0.36,7.9,8.95,9.57,642.0,252.0,356.0,8.58,7.92,8.77,9.66
MJ Santner,364,312,13,7.0,0.25,8.53,6.44,5.67,90.0,204.0,18.0,7.24,8.36,6.79,9.17
MK Lomror,109,84,2,7.79,0.143,5.5,8.17,,12.0,72.0,,8.07,7.68,8.09,10.23
MK Tiwary,83,42,1,11.86,0.143,,11.0,14.0,,30.0,12.0,9.86,8.12,9.0,10.85
MM Ali,816,686,36,7.14,0.315,5.62,7.26,7.07,48.0,593.0,45.0,7.25,7.01,7.33,8.87
MM Patel,1695,1337,81,7.61,0.364,7.19,6.11,10.43,654.0,384.0,299.0,7.65,7.27,6.37,10.4
MM Sharma,2805,1995,130,8.44,0.391,8.05,7.36,9.89,804.0,564.0,627.0,8.44,8.05,7.42,9.92
MN Samuels,285,214,10,7.99,0.28,6.23,8.29,10.15,78.0,84.0,52.0,8.09,7.05,8.17,10.19
MP Stoinis,1131,695,38,9.76,0.328,9.68,8.83,12.67,119.0,433.0,143.0,9.66,9.16,8.73,11.95
MR Marsh,689,499,35,8.28,0.421,8.87,7.36,10.29,94.0,296.0,109.0,8.3,8.58,7.47,10.27
MS Gony,1297,876,39,8.88,0.267,8.89,8.13,10.65,474.0,282.0,120.0,8.85,8.8,8.11,10.51
MW Short,25,24,0,6.25,0.0,7.0,5.5,,12.0,12.0,,7.83,7.93,7.58,10.23
Mandeep Singh,26,12,0,13.0,0.0,,13.0,,,12.0,,9.22,8.12,8.83,10.23
Mashrafe Mortaza,59,24,1,14.75,0.25,13.0,,16.5,12.0,,12.0,10.26,8.93,8.0,11.27
Mayank Dagar,83,66,1,7.55,0.091,9.0,7.75,6.0,6.0,48.0,12.0,7.98,8.2,7.89,9.52
Mohammad Asif,307,192,9,9.59,0.281,9.8,7.71,10.6,90.0,42.0,60.0,9.32,9.13,7.88,10.41
Mohammad Hafeez,71,60,2,7.1,0.2,,7.1,,,60.0,,7.78,8.12,7.55,10.23
Mohammad Nabi,393,319,12,7.39,0.226,6.38,8.0,10.11,144.0,156.0,19.0,7.56,6.89,8.0,10.2
Mohammed Shami,3432,2378,137,8.66,0.346,7.74,8.34,10.71,1308.0,420.0,650.0,8.66,7.76,8.3,10.67
Mohammed Siraj,2387,1634,81,8.76,0.297,8.26,7.31,10.64,774.0,366.0,494.0,8.75,8.25,7.41,10.6
Mohit Rathee,29,12,0,14.5,0.0,,14.5,,,12.0,,9.47,8.12,9.08,10.23
Mohsin Khan,313,258,17,7.28,0.395,7.55,6.0,8.0,120.0,66.0,72.0,7.5,7.74,6.95,9.01
Monu Kumar,20,12,0,10.0,0.0,7.0,,13.0,6.0,,6.0,8.72,8.01,8.0,10.48
Mujeeb Ur Rahman,598,434,20,8.27,0.276,7.48,7.61,11.83,134.0,228.0,72.0,8.29,7.68,7.69,11.1
Mukesh Choudhary,425,273,16,9.34,0.352,8.56,8.86,13.69,192.0,42.0,39.0,9.18,8.45,8.35,11.59
Mukesh Kumar,328,186,9,10.58,0.29,8.58,11.83,11.85,72.0,36.0,78.0,10.06,8.37,9.44,11.14
Mustafizur Rahman,1468,1092,56,8.07,0.308,7.0,7.9,8.97,354.0,272.0,466.0,8.09,7.16,7.92,9.11
N Rana,244,174,10,8.41,0.345,8.88,8.57,7.04,25.0,126.0,23.0,8.42,8.34,8.39,9.34
NA Saini,35,12,0,17.5,0.0,,12.0,23.0,,6.0,6.0,9.97,8.12,8.36,11.39
NB Singh,18,24,1,4.5,0.25,4.5,,,24.0,,,7.33,7.08,8.0,10.23
ND Doshi,79,56,2,8.46,0.214,10.67,8.31,5.5,18.0,26.0,12.0,8.46,8.7,8.09,9.44
NJ Rimmington,20,18,0,6.67,0.0,7.0,6.0,,12.0,6.0,,8.05,7.93,7.82,10.23
NL McCullum,35,30,0,7.0,0.0,6.0,7.67,,12.0,18.0,,7.97,7.76,7.92,10.23
NLTC Perera,1010,674,36,8.99,0.32,7.47,7.84,11.6,180.0,270.0,224.0,8.95,7.63,7.87,11.31
NM Coulter-Nile,1092,833,52,7.87,0.375,7.37,6.96,9.53,354.0,243.0,236.0,7.91,7.48,7.17,9.67
NT Ellis,490,330,18,8.91,0.327,7.27,8.14,11.22,90.0,132.0,108.0,8.84,7.61,8.1,10.86
Navdeep Saini,906,616,25,8.82,0.244,8.5,8.84,9.33,264.0,186.0,166.0,8.79,8.43,8.64,9.57
Naveen-ul-Haq,227,168,11,8.11,0.393,7.45,5.25,9.54,66.0,24.0,78.0,8.2,7.77,7.21,9.84
Nithish Kumar Reddy,54,30,0,10.8,0.0,9.5,11.67,,12.0,18.0,,9.24,8.35,8.85,10.23
Noor Ahmad,375,283,16,7.95,0.339,8.4,8.0,7.4,30.0,210.0,43.0,8.04,8.21,8.0,9.05
O Thomas,77,54,3,8.56,0.333,10.0,4.5,9.0,30.0,12.0,12.0,8.51,8.74,7.42,10.02
OC McCoy,255,161,11,9.5,0.41,7.0,10.29,8.95,12.0,84.0,65.0,9.22,7.93,9.34,9.56
OF Smith,179,90,7,11.93,0.467,7.33,12.33,15.33,18.0,54.0,18.0,10.54,7.93,10.05,11.4
P Amarnath,241,132,7,10.95,0.318,12.0,10.5,13.33,6.0,108.0,18.0,10.17,8.47,9.61,10.94
P Awana,1046,747,43,8.4,0.345,8.07,7.25,10.98,270.0,306.0,171.0,8.4,8.08,7.37,10.78
P Dubey,91,66,1,8.27,0.091,,8.0,11.0,,60.0,6.0,8.36,8.12,8.0,10.3
P Kumar,3342,2524,102,7.94,0.242,6.92,7.85,10.71,1572.0,360.0,592.0,7.95,6.96,7.87,10.67
P Negi,954,716,38,7.99,0.318,9.43,7.44,11.32,42.0,594.0,80.0,8.03,8.66,7.49,10.85
P Parameswaran,226,154,9,8.81,0.351,10.83,7.37,9.85,36.0,79.0,39.0,8.71,9.13,7.64,10.08
P Prasanth,18,6,0,18.0,0.0,,18.0,,,6.0,,9.33,8.12,8.91,10.23
P Ray Barman,56,24,0,14.0,0.0,,12.0,20.0,,18.0,6.0,10.04,8.12,8.92,11.11
P Sahu,152,105,3,8.69,0.171,11.0,8.15,10.33,6.0,81.0,18.0,8.61,8.38,8.09,10.25
P Suyal,154,96,2,9.62,0.125,9.3,9.0,10.75,60.0,12.0,24.0,9.17,8.71,8.17,10.38
PC Valthaty,207,151,7,8.23,0.278,,8.0,9.79,,132.0,19.0,8.3,8.12,8.0,10.12
PD Collingwood,101,89,5,6.81,0.337,,7.27,5.48,,66.0,23.0,7.47,8.12,7.62,8.91
PH Solanki,39,36,2,6.5,0.333,,6.0,7.5,,24.0,12.0,7.72,8.12,7.43,9.77
PJ Cummins,1373,929,47,8.87,0.304,8.36,8.24,10.32,420.0,252.0,257.0,8.85,8.33,8.19,10.3
PJ Sangwan,1267,856,44,8.88,0.308,8.83,8.59,9.79,354.0,366.0,136.0,8.85,8.73,8.51,9.92
PM Sarvesh Kumar,42,30,1,8.4,0.2,8.0,8.5,,6.0,24.0,,8.44,8.1,8.14,10.23
PP Chawla,4777,3574,186,8.02,0.312,7.8,7.92,8.89,413.0,2735.0,426.0,8.03,7.84,7.92,9.05
PP Ojha,2399,1899,99,7.58,0.313,8.1,7.07,9.61,240.0,1373.0,286.0,7.61,8.1,7.11,9.72
PV Tambe,774,600,25,7.74,0.25,8.83,7.19,10.36,72.0,462.0,66.0,7.81,8.51,7.28,10.3
PVD Chameera,393,264,11,8.93,0.25,8.42,8.0,11.1,144.0,60.0,60.0,8.84,8.33,8.0,10.66
PWH de Silva,758,552,36,8.24,0.391,9.9,8.07,7.87,60.0,402.0,90.0,8.26,9.01,8.06,8.81
Pankaj Singh,472,300,11,9.44,0.22,7.8,9.82,13.75,150.0,102.0,48.0,9.28,7.89,9.15,11.79
Parvez Rasool,273,198,4,8.27,0.121,9.18,7.82,,66.0,132.0,,8.31,8.67,7.88,10.23
R Ashwin,4904,4140,186,7.11,0.27,6.89,7.06,7.78,1108.0,2485.0,547.0,7.13,6.95,7.08,8.02
R Bhatia,2030,1612,81,7.56,0.301,12.5,7.31,8.73,12.0,1369.0,231.0,7.59,8.85,7.34,9.04
R Dhawan,883,644,27,8.23,0.252,7.96,7.74,10.83,138.0,414.0,92.0,8.25,8.01,7.77,10.59
R Goyal,34,24,0,8.5,0.0,,8.5,,,24.0,,8.47,8.12,8.14,10.23
R McLaren,558,354,14,9.46,0.237,8.8,9.1,11.14,150.0,120.0,84.0,9.32,8.6,8.73,10.76
R Ninan,65,36,3,10.83,0.5,,9.8,16.0,,30.0,6.0,9.35,8.12,8.6,10.75
R Parag,270,151,4,10.73,0.159,,10.5,15.43,,144.0,7.0,10.08,8.12,9.76,10.77
R Powell,35,18,1,11.67,0.333,,10.5,14.0,,12.0,6.0,9.2,8.12,8.42,10.57
R Rampaul,279,238,15,7.03,0.378,6.0,6.0,11.35,138.0,54.0,46.0,7.32,6.64,7.05,10.71
R Sai Kishore,122,96,6,7.62,0.375,,7.29,10.0,,84.0,12.0,7.94,8.12,7.59,10.19
R Sanjay Yadav,23,12,0,11.5,0.0,8.0,15.0,,6.0,6.0,,8.97,8.1,8.64,10.23
R Sathish,233,139,6,10.06,0.259,,8.11,18.96,,114.0,25.0,9.58,8.12,8.07,12.79
R Sharma,1096,922,42,7.13,0.273,6.73,6.77,8.96,90.0,678.0,154.0,7.21,7.28,6.87,9.31
R Shepherd,98,54,4,10.89,0.444,7.5,12.0,11.5,12.0,30.0,12.0,9.61,8.01,9.33,10.44
R Shukla,217,120,7,10.85,0.35,8.78,10.83,14.6,54.0,36.0,30.0,10.05,8.43,9.06,11.68
R Tewatia,1086,825,34,7.9,0.247,8.5,7.92,7.33,12.0,768.0,45.0,7.94,8.18,7.93,8.98
R Vinay Kumar,2942,2049,121,8.61,0.354,7.38,8.0,10.76,732.0,696.0,621.0,8.61,7.44,8.0,10.71
RA Jadeja,4517,3517,160,7.71,0.273,8.77,7.45,8.88,132.0,2879.0,506.0,7.72,8.57,7.46,9.02
RA Shaikh,11,6,0,11.0,0.0,11.0,,,6.0,,,8.69,8.38,8.0,10.23
RA Tripathi,12,6,0,12.0,0.0,,12.0,,,6.0,,8.78,8.12,8.36,10.23
RD Chahar,1800,1406,63,7.68,0.269,7.36,7.68,7.88,66.0,1212.0,128.0,7.71,7.72,7.7,8.63
RE van der Merwe,515,443,25,6.98,0.339,10.0,6.19,8.4,36.0,312.0,95.0,7.16,8.82,6.48,9.11
RG More,63,35,1,10.8,0.171,15.0,9.0,10.59,6.0,12.0,17.0,9.32,8.74,8.17,10.31
RG Sharma,462,339,16,8.18,0.283,8.16,8.05,8.82,50.0,240.0,49.0,8.22,8.14,8.04,9.59
RJ Harris,1085,832,47,7.82,0.339,6.76,7.77,9.5,426.0,132.0,274.0,7.86,6.93,7.84,9.63
RJ Peterson,70,48,3,8.75,0.375,5.0,7.0,13.0,12.0,18.0,18.0,8.59,7.6,7.77,10.87
RJW Topley,14,12,1,7.0,0.5,7.0,,,12.0,,,8.22,7.93,8.0,10.23
RN ten Doeschate,94,78,3,7.23,0.231,,6.83,12.0,,72.0,6.0,7.76,8.12,7.36,10.39
RP Meredith,621,388,21,9.6,0.325,8.78,8.76,11.26,108.0,150.0,130.0,9.45,8.54,8.54,10.93
RP Singh,2369,1751,100,8.12,0.343,7.37,8.43,9.43,996.0,240.0,515.0,8.13,7.41,8.34,9.51
RR Bhatkal,35,12,0,17.5,0.0,20.0,15.0,,6.0,6.0,,9.97,9.2,8.64,10.23
RR Bose,24,12,0,12.0,0.0,12.0,,,12.0,,,9.05,8.76,8.0,10.23
RR Powar,515,402,14,7.69,0.209,8.0,7.34,10.67,120.0,264.0,18.0,7.79,8.04,7.46,10.33
RR Raje,214,139,7,9.24,0.302,14.0,8.5,10.38,6.0,96.0,37.0,9.0,8.65,8.31,10.28
RS Bopara,301,206,13,8.77,0.379,5.0,8.27,10.0,0.0,164.0,42.0,8.7,8.12,8.2,10.13
RS Gavaskar,8,6,0,8.0,0.0,,,8.0,,,6.0,8.42,8.12,8.0,10.02
RS Hangargekar,60,36,3,10.0,0.5,12.0,10.67,8.0,6.0,18.0,12.0,9.04,8.47,8.62,9.85
RV Gomez,130,96,6,8.12,0.375,1.0,7.43,12.5,0.0,84.0,12.0,8.25,8.12,7.67,10.6
RV Patel,22,18,0,7.33,0.0,,5.5,11.0,,12.0,6.0,8.2,8.12,7.58,10.3
RW Price,33,18,0,11.0,0.0,14.0,9.5,,6.0,12.0,,9.05,8.65,8.25,10.23
Ramandeep Singh,55,36,6,9.17,1.0,,7.67,10.67,,18.0,18.0,8.73,8.12,7.92,10.33
Rashid Khan,2866,2525,145,6.81,0.345,8.58,6.36,7.65,258.0,1823.0,444.0,6.85,8.49,6.41,7.96
Rasikh Salam,70,48,0,8.75,0.0,7.4,6.0,21.0,30.0,12.0,6.0,8.59,7.88,7.67,11.2
Ravi Bishnoi,1443,1113,56,7.78,0.302,8.27,7.58,8.49,90.0,852.0,171.0,7.81,8.21,7.61,8.94
S Aravind,1057,760,48,8.34,0.379,7.65,8.71,9.89,426.0,186.0,148.0,8.35,7.71,8.54,9.99
S Badree,329,258,11,7.65,0.256,7.54,8.06,4.0,156.0,96.0,6.0,7.8,7.7,8.04,9.66
S Dhawan,72,48,4,9.0,0.5,10.33,8.2,,18.0,30.0,,8.7,8.63,8.07,10.23
S Dube,176,106,5,9.96,0.283,,9.09,11.4,,66.0,40.0,9.42,8.12,8.57,10.7
S Gopal,1279,943,47,8.14,0.299,7.72,8.28,6.87,108.0,780.0,55.0,8.16,7.86,8.26,8.62
S Kaul,1741,1185,61,8.82,0.309,9.2,8.32,9.04,336.0,438.0,411.0,8.8,9.04,8.28,9.19
S Kaushik,304,204,6,8.94,0.176,13.67,7.56,14.75,18.0,162.0,24.0,8.83,9.4,7.68,11.52
S Ladda,225,138,5,9.78,0.217,9.33,8.93,12.0,18.0,84.0,36.0,9.38,8.4,8.54,10.89
S Lamichhane,268,186,12,8.65,0.387,9.7,7.44,10.4,60.0,96.0,30.0,8.6,8.91,7.66,10.28
S Midhun,29,12,0,14.5,0.0,,14.5,,,12.0,,9.47,8.12,9.08,10.23
S Nadeem,1774,1391,53,7.65,0.229,8.28,7.2,10.0,300.0,983.0,108.0,7.68,8.25,7.25,10.08
S Narwal,203,106,6,11.49,0.34,9.64,10.36,19.67,66.0,22.0,18.0,10.39,8.91,8.63,12.4
S Rana,18,16,0,6.75,0.0,,8.0,3.0,,12.0,4.0,8.1,8.12,8.0,9.77
S Randiv,223,174,8,7.69,0.276,10.5,7.29,9.0,12.0,144.0,18.0,7.89,8.51,7.5,9.94
S Sandeep Warrier,135,102,2,7.94,0.118,8.08,7.5,,78.0,24.0,,8.13,8.1,7.86,10.23
S Sreesanth,1221,880,43,8.33,0.293,7.78,7.79,11.29,570.0,174.0,136.0,8.34,7.81,7.84,10.96
S Sriram,49,18,0,16.33,0.0,,16.33,,,18.0,,10.28,8.12,9.92,10.23
S Tyagi,304,209,6,8.73,0.172,8.36,7.6,17.45,168.0,30.0,11.0,8.67,8.3,7.87,11.34
S Vidyut,22,12,1,11.0,0.5,,11.0,,,12.0,,8.88,8.12,8.5,10.23
SA Abbott,104,54,1,11.56,0.111,11.0,10.33,18.0,30.0,18.0,6.0,9.93,9.08,8.54,10.93
SA Yadav,8,6,0,8.0,0.0,8.0,,,6.0,,,8.42,8.1,8.0,10.23
SB Bangar,221,150,6,8.84,0.24,4.33,8.39,14.25,18.0,108.0,24.0,8.73,7.24,8.25,11.38
SB Jakati,1474,1085,50,8.15,0.276,8.69,7.87,9.57,96.0,858.0,131.0,8.17,8.47,7.88,9.78
SB Joshi,82,55,1,8.95,0.109,,8.62,11.14,,48.0,7.0,8.69,8.12,8.28,10.32
SB Styris,278,216,9,7.72,0.25,6.43,6.56,10.45,42.0,108.0,66.0,7.88,7.42,7.07,10.34
SB Wagh,147,102,5,8.65,0.294,8.0,,13.5,90.0,,12.0,8.58,8.05,8.0,10.77
SC Ganguly,346,258,12,8.05,0.279,10.67,7.39,16.5,18.0,228.0,12.0,8.13,8.7,7.52,11.27
SC Kuggeleijn,71,48,2,8.88,0.25,11.0,9.0,8.25,6.0,18.0,24.0,8.65,8.38,8.23,9.66
SD Chitnis,62,36,2,10.33,0.333,13.0,10.0,9.0,6.0,24.0,6.0,9.16,8.56,8.57,10.11
SE Bond,225,186,9,7.26,0.29,6.33,6.14,9.67,90.0,42.0,54.0,7.55,7.04,7.23,9.96
SE Rutherford,60,41,1,8.78,0.146,,9.67,2.4,,36.0,5.0,8.59,8.12,8.63,9.62
SJ Srivastava,419,264,15,9.52,0.341,9.8,9.0,9.78,120.0,90.0,54.0,9.32,9.24,8.6,10.01
SK Raina,1098,873,30,7.55,0.206,7.4,7.31,8.93,60.0,690.0,123.0,7.61,7.76,7.37,9.35
SK Trivedi,1944,1506,73,7.75,0.291,9.43,7.17,9.06,126.0,1074.0,306.0,7.78,9.01,7.21,9.25
SK Warne,1440,1170,58,7.38,0.297,9.83,6.94,9.0,36.0,930.0,204.0,7.43,8.76,7.0,9.28
SL Malinga,3409,2779,186,7.36,0.402,6.48,7.49,8.16,1086.0,588.0,1105.0,7.38,6.57,7.54,8.27
SM Boland,56,42,3,8.0,0.429,7.33,10.0,8.0,18.0,6.0,18.0,8.27,7.93,8.18,9.71
SM Curran,1502,935,46,9.64,0.295,8.18,10.81,11.0,438.0,186.0,311.0,9.57,8.17,10.12,10.87
SM Harwood,74,60,3,7.4,0.3,2.33,7.0,11.5,18.0,18.0,24.0,7.93,6.78,7.77,10.59
SM Pollock,307,276,13,6.67,0.283,6.26,7.82,8.0,204.0,66.0,6.0,6.99,6.68,7.91,10.02
SMSM Senanayake,211,192,9,6.59,0.281,5.29,9.43,8.5,126.0,42.0,24.0,7.04,6.2,8.59,9.73
SN Khan,6,2,0,18.0,0.0,,,18.0,,,2.0,8.77,8.12,8.0,10.48
SN Thakur,2593,1676,95,9.28,0.34,8.9,8.21,10.69,546.0,555.0,575.0,9.25,8.82,8.19,10.65
SP Narine,4257,3721,182,6.86,0.293,6.85,6.52,7.54,870.0,1866.0,985.0,6.89,6.93,6.57,7.69
SPD Smith,5,2,0,15.0,0.0,,,15.0,,,2.0,8.67,8.12,8.0,10.38
SR Tendulkar,59,36,0,9.83,0.0,,8.0,19.0,,30.0,6.0,8.97,8.12,8.0,11.02
SR Watson,2676,1987,106,8.08,0.32,7.35,7.4,9.87,822.0,600.0,565.0,8.09,7.4,7.45,9.9
SS Agarwal,42,24,1,10.5,0.25,11.0,10.33,,6.0,18.0,,9.04,8.38,8.54,10.23
SS Cottrell,153,96,4,9.56,0.25,8.5,7.0,30.0,72.0,18.0,6.0,9.14,8.33,7.77,12.02
SS Iyer,7,6,0,7.0,0.0,,,7.0,,,6.0,8.33,8.12,8.0,9.93
SS Sarkar,34,25,1,8.16,0.24,15.0,6.0,6.0,6.0,6.0,13.0,8.37,8.74,7.82,9.47
SSB Magala,52,36,1,8.67,0.167,14.0,7.0,5.0,12.0,12.0,12.0,8.54,9.1,7.83,9.35
ST Jayasuriya,396,294,16,8.08,0.327,10.0,7.87,8.7,6.0,228.0,60.0,8.14,8.29,7.9,9.46
STR Binny,709,552,25,7.71,0.272,7.52,7.46,9.6,138.0,354.0,60.0,7.78,7.7,7.54,9.91
SW Tait,668,473,26,8.47,0.33,8.0,9.41,8.6,228.0,95.0,150.0,8.47,8.02,8.86,9.06
Sachin Baby,8,10,3,4.8,1.8,,4.0,6.0,,6.0,4.0,7.94,8.12,7.64,9.96
Sandeep Sharma,3390,2546,137,7.99,0.323,7.1,8.2,10.23,1494.0,510.0,542.0,8.0,7.14,8.18,10.23
Shahbaz Ahmed,573,372,14,9.24,0.226,10.47,8.98,7.8,90.0,252.0,30.0,9.13,9.53,8.79,9.42
Shahid Afridi,237,180,9,7.9,0.3,6.5,7.6,9.83,24.0,120.0,36.0,8.04,7.65,7.73,10.08
Shakib Al Hasan,1841,1460,70,7.57,0.288,7.61,7.05,9.62,450.0,816.0,194.0,7.61,7.67,7.12,9.76
Shashank Singh,20,12,0,10.0,0.0,,10.0,,,12.0,,8.72,8.12,8.33,10.23
Shivam Mavi,924,631,32,8.79,0.304,8.31,6.85,11.27,288.0,162.0,181.0,8.76,8.28,7.16,11.01
Shivam Sharma,121,96,3,7.56,0.188,,7.31,8.67,,78.0,18.0,7.91,8.12,7.61,9.87
Shoaib Ahmed,154,102,5,9.06,0.294,12.33,6.82,14.0,18.0,66.0,18.0,8.84,9.09,7.38,11.1
Shoaib Akhtar,54,42,5,7.71,0.714,7.71,,,42.0,,,8.15,7.95,8.0,10.23
Shoaib Malik,87,51,2,10.24,0.235,,10.33,10.0,,36.0,15.0,9.28,8.12,8.87,10.18
Sikandar Raza,124,72,3,10.33,0.25,14.0,9.6,,12.0,60.0,,9.48,9.1,8.8,10.23
Simarjeet Singh,143,108,4,7.94,0.222,8.47,4.0,6.0,90.0,6.0,12.0,8.13,8.33,7.64,9.52
Sohail Tanvir,275,247,24,6.68,0.583,6.59,4.0,7.11,132.0,12.0,103.0,7.03,7.07,7.33,8.26
Sunny Gupta,47,18,0,15.67,0.0,12.0,17.5,,6.0,12.0,,10.12,8.47,9.58,10.23
Suyash Sharma,330,234,11,8.46,0.282,7.33,8.0,11.33,18.0,180.0,36.0,8.46,7.93,8.0,10.64
Swapnil Singh,108,72,1,9.0,0.083,,9.0,,,72.0,,8.75,8.12,8.55,10.23
T Henderson,41,36,1,6.83,0.167,,4.33,9.33,,18.0,18.0,7.85,8.12,7.15,10.02
T Natarajan,1490,1005,54,8.9,0.322,8.21,7.74,10.17,258.0,318.0,429.0,8.88,8.19,7.78,10.18
T Shamsi,185,120,3,9.25,0.15,,8.41,14.0,,102.0,18.0,8.99,8.12,8.26,11.1
T Stubbs,14,12,1,7.0,0.5,,9.0,5.0,,6.0,6.0,8.22,8.12,8.09,9.75
T Thushara,164,135,10,7.29,0.444,6.0,5.0,10.53,60.0,30.0,45.0,7.65,7.06,7.0,10.36
TA Boult,2740,1969,109,8.35,0.332,7.06,8.38,11.03,1170.0,240.0,559.0,8.35,7.11,8.3,10.95
TG Southee,1739,1182,54,8.83,0.274,8.14,7.83,10.7,624.0,216.0,342.0,8.81,8.14,7.87,10.63
TK Curran,432,238,13,10.89,0.328,9.57,9.32,12.59,42.0,85.0,111.0,10.4,8.71,8.77,11.76
TL Suman,198,150,7,7.92,0.28,6.0,7.2,12.0,6.0,120.0,24.0,8.07,7.92,7.47,10.73
TM Dilshan,358,265,5,8.11,0.113,8.86,8.03,7.44,42.0,198.0,25.0,8.17,8.42,8.02,9.41
TM Head,81,48,3,10.12,0.375,,10.8,9.0,,30.0,18.0,9.2,8.12,8.93,9.94
TP Sudhindra,137,70,1,11.74,0.086,10.0,11.75,13.64,24.0,24.0,22.0,10.23,8.65,9.07,11.14
TS Mills,349,209,11,10.02,0.316,8.83,11.08,10.15,72.0,72.0,65.0,9.67,8.51,9.68,10.19
TU Deshpande,839,479,28,10.51,0.351,8.71,11.64,12.86,252.0,66.0,161.0,10.28,8.6,9.91,12.14
Tejas Baroka,33,21,0,9.43,0.0,8.0,8.0,18.0,6.0,12.0,3.0,8.71,8.1,8.0,10.6
Tilak Varma,20,18,0,6.67,0.0,7.0,6.5,,6.0,12.0,,8.05,8.01,7.75,10.23
UT Yadav,4184,2894,151,8.67,0.313,7.86,8.21,10.77,1338.0,848.0,708.0,8.67,7.87,8.2,10.73
Umar Gul,198,135,14,8.8,0.622,7.0,7.56,11.73,36.0,54.0,45.0,8.7,7.7,7.79,10.87
Umran Malik,770,487,31,9.49,0.382,19.0,8.56,10.44,30.0,384.0,73.0,9.38,11.74,8.48,10.34
V Kohli,371,251,5,8.87,0.12,,8.45,12.46,,225.0,26.0,8.79,8.12,8.36,10.9
V Pratap Singh,300,204,12,8.82,0.353,8.75,8.09,10.14,96.0,66.0,42.0,8.74,8.51,8.05,10.19
V Sehwag,236,136,6,10.41,0.265,23.5,8.16,14.0,12.0,103.0,21.0,9.81,10.68,8.1,11.2
V Shankar,305,196,11,9.34,0.337,10.5,9.22,9.54,8.0,149.0,39.0,9.13,8.4,8.87,9.96
VG Arora,314,203,9,9.28,0.266,8.41,8.0,12.38,132.0,24.0,47.0,9.09,8.32,8.0,11.17
VR Aaron,1504,988,46,9.13,0.279,8.68,8.28,11.6,378.0,402.0,208.0,9.09,8.6,8.24,11.29
VR Iyer,117,75,3,9.36,0.24,,8.86,10.0,,42.0,33.0,8.96,8.12,8.35,10.15
VRV Singh,549,360,16,9.15,0.267,10.54,8.59,9.06,78.0,174.0,108.0,9.05,9.49,8.44,9.48
VS Malik,268,205,6,7.84,0.176,7.52,8.17,10.29,126.0,72.0,7.0,7.98,7.71,8.09,10.23
VS Yeligati,61,30,0,12.2,0.0,13.0,11.67,13.0,6.0,18.0,6.0,9.71,8.56,8.85,10.48
VY Mahesh,511,339,22,9.04,0.389,11.46,8.52,7.71,78.0,198.0,63.0,8.95,10.01,8.4,8.94
Vijaykumar Vyshak,253,144,11,10.54,0.458,9.5,10.08,12.5,36.0,72.0,36.0,9.93,8.63,9.13,11.08
Vivrant Sharma,37,18,0,12.33,0.0,,12.33,,,18.0,,9.35,8.12,9.0,10.23
WA Mota,98,72,4,8.17,0.333,,6.25,12.0,,48.0,24.0,8.3,8.12,7.22,10.73
WD Parnell,968,723,40,8.03,0.332,7.9,7.1,8.73,372.0,120.0,231.0,8.06,7.93,7.4,9.04
WPUJC Vaas,364,282,22,7.74,0.468,6.39,9.5,12.0,198.0,36.0,48.0,7.87,6.79,8.56,11.01
Washington Sundar,1250,1000,37,7.5,0.222,8.16,6.86,9.84,348.0,588.0,64.0,7.55,8.15,6.97,10.03
Y Gnaneswara Rao,7,6,0,7.0,0.0,,7.0,,,6.0,,8.33,8.12,7.91,10.23
Y Nagar,125,66,4,11.36,0.364,10.0,11.5,,6.0,60.0,,9.98,8.29,9.75,10.23
Y Prithvi Raj,57,30,1,11.4,0.2,16.5,8.0,,12.0,18.0,,9.44,9.51,8.0,10.23
Y Venugopal Rao,338,216,7,9.39,0.194,9.57,8.72,13.25,42.0,150.0,24.0,9.19,8.71,8.51,11.09
YA Abdulla,311,209,15,8.93,0.431,7.36,8.36,11.8,84.0,66.0,59.0,8.83,7.67,8.19,11.01
YBK Jaiswal,6,1,0,36.0,0.0,,,36.0,,,1.0,8.91,8.12,8.0,10.65
YK Pathan,1414,1123,46,7.55,0.246,6.96,7.65,9.23,336.0,709.0,78.0,7.6,7.14,7.68,9.66
YS Chahal,4058,3129,189,7.78,0.362,8.09,7.45,8.95,396.0,2216.0,517.0,7.79,8.09,7.46,9.08
Yash Dayal,461,276,15,10.02,0.326,9.42,9.87,11.17,114.0,90.0,72.0,9.74,8.97,9.12,10.74
Yash Thakur,297,191,15,9.33,0.471,9.33,8.5,10.05,36.0,72.0,83.0,9.12,8.57,8.27,10.12
Yudhvir Singh,73,48,3,9.12,0.375,8.86,11.0,,42.0,6.0,,8.75,8.42,8.27,10.23
Yuvraj Singh,1065,851,38,7.51,0.268,,7.37,8.39,,738.0,113.0,7.57,8.12,7.42,9.03
Z Khan,2860,2199,119,7.8,0.325,6.93,8.41,9.35,1291.0,301.0,607.0,7.82,6.98,8.34,9.43
